Name,Location,Year,Kilometers_Driven,Fuel_Type,Transmission,Owner_Type,Mileage,Engine,Seats,Price,company
Maruti Wagon R,Mumbai,2010,72000,CNG,Manual,First,26.6,998,5,1.75,Maruti
Hyundai Creta 1.6,Pune,2015,41000,Diesel,Manual,First,19.67,1582,5,12.5,Hyundai
Honda Jazz V,Chennai,2011,46000,Petrol,Manual,First,18.2,1199,5,4.5,Honda
Maruti Ertiga VDI,Chennai,2012,87000,Diesel,Manual,First,20.77,1248,7,6,Maruti
Audi A4 New,Coimbatore,2013,40670,Diesel,Automatic,Second,15.2,1968,5,17.74,Audi
Hyundai EON LPG,Hyderabad,2012,75000,LPG,Manual,First,21.1,814,5,2.35,Hyundai
Nissan Micra Diesel,Jaipur,2013,86999,Diesel,Manual,First,23.08,1461,5,3.5,Nissan
Toyota Innova Crysta,Mumbai,2016,36000,Diesel,Automatic,First,11.36,2755,8,17.5,Toyota
Volkswagen Vento Diesel,Pune,2013,64430,Diesel,Manual,First,20.54,1598,5,5.2,Volkswagen
Tata Indica Vista,Chennai,2012,65932,Diesel,Manual,Second,22.3,1248,5,1.95,Tata
Maruti Ciaz Zeta,Kochi,2018,25692,Petrol,Manual,First,21.56,1462,5,9.95,Maruti
Honda City 1.5,Kolkata,2012,60000,Petrol,Automatic,First,16.8,1497,5,4.49,Honda
Maruti Swift VDI,Jaipur,2015,64424,Diesel,Manual,First,25.2,1248,5,5.6,Maruti
Land Rover Range,Delhi,2014,72000,Diesel,Automatic,First,12.7,2179,5,27,Land
Land Rover Freelander,Pune,2012,85000,Diesel,Automatic,Second,0,2179,5,17.5,Land
Mitsubishi Pajero Sport,Delhi,2014,110000,Diesel,Manual,First,13.5,2477,7,15,Mitsubishi
Honda Amaze S,Kochi,2016,58950,Diesel,Manual,First,25.8,1498,5,5.4,Honda
Maruti Swift DDiS,Jaipur,2017,25000,Diesel,Manual,First,28.4,1248,5,5.99,Maruti
Renault Duster 85PS,Kochi,2014,77469,Diesel,Manual,First,20.45,1461,5,6.34,Renault
Mercedes-Benz New C-Class,Bangalore,2014,78500,Diesel,Automatic,First,14.84,2143,5,28,Mercedes-Benz
BMW 3 Series,Kochi,2014,32982,Diesel,Automatic,First,22.69,1995,5,18.55,BMW
Maruti S Cross,Bangalore,2015,55392,Diesel,Manual,Second,23.65,1248,5,8.25,Maruti
Audi A6 2011-2015,Mumbai,2015,55985,Petrol,Automatic,First,13.53,1984,5,23.5,Audi
Hyundai i20 1.2,Kolkata,2010,45807,Petrol,Manual,First,18.5,1197,5,1.87,Hyundai
Volkswagen Vento Petrol,Kolkata,2010,33000,Petrol,Automatic,First,14.4,1598,5,2.85,Volkswagen
Honda City Corporate,Mumbai,2012,51920,Petrol,Manual,First,16.8,1497,5,4.25,Honda
Nissan Micra Diesel,Hyderabad,2012,54000,Diesel,Manual,First,23.08,1461,5,4.25,Nissan
Maruti Alto K10,Hyderabad,2013,54000,Petrol,Manual,Second,20.92,998,5,2.75,Maruti
Honda WRV i-VTEC,Kochi,2018,37430,Petrol,Manual,First,17.5,1199,5,9.9,Honda
Renault Duster 110PS,Bangalore,2013,62000,Diesel,Manual,First,19.01,1461,5,7.75,Renault
Toyota Corolla Altis,Delhi,2012,87615,Petrol,Manual,First,14.53,1798,5,6.75,Toyota
Mahindra Ssangyong Rexton,Bangalore,2013,72000,Diesel,Automatic,Second,11.18,2696,7,12.5,Mahindra
Audi A6 2.7,Kolkata,2010,35000,Diesel,Automatic,First,12.4,2698,5,11.5,Audi
Volkswagen Vento 1.6,Coimbatore,2014,55431,Petrol,Manual,Second,16.09,1598,5,6.98,Volkswagen
Maruti Wagon R,Jaipur,2009,83816,Petrol,Manual,Second,14,1061,5,1.85,Maruti
Maruti Vitara Brezza,Kochi,2018,50075,Diesel,Manual,First,24.3,1248,5,8.63,Maruti
Mahindra KUV 100,Delhi,2017,52000,Petrol,Manual,First,18.15,1198,5,4.85,Mahindra
Mercedes-Benz M-Class ML,Pune,2013,85000,Diesel,Automatic,First,11.74,2987,5,28,Mercedes-Benz
Volkswagen Polo Diesel,Chennai,2013,62000,Diesel,Manual,First,22.07,1199,5,5,Volkswagen
Maruti Alto LXi,Delhi,2008,90000,Petrol,Manual,Second,19.7,796,5,1.25,Maruti
Tata Nano LX,Kochi,2014,19698,Petrol,Manual,First,25.4,624,4,1.53,Tata
Mahindra KUV 100,Coimbatore,2017,22033,Diesel,Manual,First,25.32,1198,6,5.58,Mahindra
Hyundai i20 Magna,Kochi,2014,35487,Petrol,Manual,First,18.5,1197,5,4.74,Hyundai
Hyundai Elantra 2.0,Bangalore,2014,46374,Petrol,Automatic,First,14.62,1999,5,8.85,Hyundai
Toyota Corolla Altis,Mumbai,2016,52001,Petrol,Automatic,First,14.28,1798,5,10.11,Toyota
Hyundai Elantra CRDi,Ahmedabad,2008,58005,Diesel,Manual,Second,14.9,1991,5,4.25,Hyundai
Toyota Innova Crysta,Bangalore,2012,70704,Petrol,Manual,First,11.25,2694,7,10.95,Toyota
Hyundai Xcent 1.1,Jaipur,2014,75000,Diesel,Manual,First,24.4,1120,5,3.85,Hyundai
Mahindra Thar CRDe,Jaipur,2012,75800,Diesel,Manual,Second,16.55,2498,6,5.5,Mahindra
Audi A4 2.0,Kochi,2015,13648,Diesel,Automatic,First,17.11,1968,5,21.43,Audi
Maruti Swift LDI,Delhi,2014,52000,Diesel,Manual,First,22.9,1248,5,4.25,Maruti
Maruti Swift Ldi,Kolkata,2014,53000,Diesel,Manual,First,17.8,1248,5,3.3,Maruti
Maruti Swift VDI,Delhi,2013,65650,Diesel,Manual,First,28.4,1248,5,3.85,Maruti
Hyundai Grand i10,Chennai,2015,54000,Petrol,Manual,Third,18.9,1197,5,3.6,Hyundai
Volkswagen Vento 2013-2015,Kolkata,2015,39000,Petrol,Manual,First,15.04,1598,5,3.99,Volkswagen
Renault KWID RXT,Kochi,2017,16542,Petrol,Manual,First,25.17,799,5,3.3,Renault
Hyundai i10 Asta,Kolkata,2010,32000,Petrol,Manual,First,20.36,1197,5,2.07,Hyundai
Nissan X-Trail SLX,Hyderabad,2010,121812,Diesel,Automatic,First,13.29,1995,5,7.75,Nissan
Maruti Zen Estilo,Hyderabad,2010,39300,Petrol,Manual,First,18.2,998,5,2.25,Maruti
Toyota Innova Crysta,Mumbai,2017,22000,Diesel,Manual,First,13.68,2393,8,16.5,Toyota
Ford Figo Diesel,Bangalore,2010,72000,Diesel,Manual,First,20,1399,5,2.75,Ford
Mercedes-Benz New C-Class,Delhi,2015,58000,Petrol,Automatic,First,11.74,1796,5,26.7,Mercedes-Benz
Mercedes-Benz New C-Class,Pune,2011,65000,Diesel,Manual,Second,15.8,2148,5,10,Mercedes-Benz
Tata Indica V2,Chennai,2016,178000,Diesel,Manual,First,25,1396,5,2.5,Tata
Audi A4 2.0,Jaipur,2012,65664,Diesel,Automatic,First,16.55,1968,5,13.5,Audi
Honda City ZX,Mumbai,2007,63000,Petrol,Automatic,Second,16.4,1497,5,1.85,Honda
Mercedes-Benz C-Class Progressive,Coimbatore,2019,15369,Diesel,Automatic,First,0,1950,5,35.67,Mercedes-Benz
Maruti Ertiga SHVS,Pune,2016,63000,Diesel,Manual,First,24.52,1248,7,8.15,Maruti
Hyundai Creta 1.4,Mumbai,2018,13000,Diesel,Manual,First,22.1,1396,5,10.5,Hyundai
Porsche Cayenne 2009-2014,Mumbai,2008,73000,Petrol,Automatic,First,8.5,4806,5,14.5,Porsche
Mahindra XUV500 W8,Mumbai,2015,55729,Diesel,Manual,First,15.1,2179,7,9.65,Mahindra
Hyundai i10 Sportz,Kochi,2012,45178,Petrol,Automatic,First,16.95,1197,5,3.48,Hyundai
Nissan Terrano XV,Kochi,2015,56066,Diesel,Manual,First,19.64,1461,5,6.92,Nissan
Honda Brio VX,Coimbatore,2016,37300,Petrol,Automatic,Second,16.5,1198,5,6.46,Honda
Audi A6 2.0,Delhi,2014,56000,Diesel,Automatic,Second,18.53,1968,5,29.5,Audi
Ford Fiesta 1.4,Jaipur,2008,111111,Diesel,Manual,First,17.8,1399,5,2,Ford
Toyota Innova 2.0,Chennai,2006,230000,Petrol,Manual,Third,12.4,1998,8,4.5,Toyota
Toyota Innova 2.5,Hyderabad,2012,104000,Diesel,Manual,First,12.8,2494,7,11.75,Toyota
Hyundai Santro Xing,Hyderabad,2005,87591,Petrol,Manual,First,0,1086,5,1.3,Hyundai
Maruti Swift VDI,Jaipur,2012,95100,Diesel,Manual,First,22.9,1248,5,3.75,Maruti
Tata Zest Revotron,Pune,2017,70000,Petrol,Manual,First,17.57,1193,5,4.5,Tata
Honda Amaze SX,Kochi,2016,54944,Petrol,Manual,First,18,1198,5,4.82,Honda
Ford Figo Diesel,Hyderabad,2012,70337,Diesel,Manual,First,20,1399,5,2.8,Ford
Maruti Ritz VDi,Jaipur,2013,99638,Diesel,Manual,First,23.2,1248,5,3.11,Maruti
Honda City i,Delhi,2009,52000,Petrol,Manual,First,17.8,1497,5,3.25,Honda
BMW 5 Series,Delhi,2011,75000,Diesel,Automatic,Second,16.73,1995,5,13.9,BMW
Hyundai i10 Sportz,Pune,2009,95980,Petrol,Manual,First,20.36,1197,5,2.25,Hyundai
Hyundai Grand i10,Bangalore,2016,16000,Petrol,Manual,First,18.9,1197,5,5.75,Hyundai
Hyundai Santro Xing,Hyderabad,2007,73745,Petrol,Manual,First,17,1086,5,2.1,Hyundai
Honda Amaze SX,Mumbai,2016,18949,Petrol,Manual,First,17.8,1198,5,5,Honda
Toyota Fortuner 4x2,Delhi,2014,107000,Diesel,Manual,First,13,2982,7,16.5,Toyota
Audi A6 2011-2015,Coimbatore,2018,48367,Diesel,Automatic,First,17.68,1968,5,39.58,Audi
Ford Ecosport 1.5,Delhi,2013,57000,Diesel,Manual,First,22.7,1498,5,5.5,Ford
Mahindra XUV500 W8,Delhi,2014,58000,Diesel,Manual,First,15.1,2179,7,8.1,Mahindra
Honda Amaze SX,Kolkata,2015,30000,Diesel,Manual,First,25.8,1498,5,3.5,Honda
Volkswagen Polo Diesel,Kolkata,2013,34212,Diesel,Manual,First,22.07,1199,5,2.79,Volkswagen
Hyundai Verna Transform,Ahmedabad,2010,70002,Diesel,Manual,First,16.2,1493,5,3.45,Hyundai
Maruti Wagon R,Bangalore,2016,62000,Petrol,Manual,First,18.9,998,5,4.45,Maruti
Volkswagen Polo Petrol,Delhi,2010,62001,Petrol,Manual,First,15.26,1598,5,2.65,Volkswagen
Hyundai i20 1.4,Pune,2011,78958,Diesel,Manual,Second,23,1396,5,3.8,Hyundai
Hyundai i20 Asta,Mumbai,2014,30180,Petrol,Manual,First,18.5,1197,5,4.65,Hyundai
Datsun GO Plus,Pune,2017,32851,Petrol,Manual,First,19.83,1198,7,3.95,Datsun
Audi A4 3.0,Kolkata,2010,30000,Diesel,Automatic,First,14.94,2967,5,9.8,Audi
Hyundai i20 2015-2017,Pune,2009,66000,Petrol,Manual,Second,17,1197,5,2.7,Hyundai
Maruti Omni 5,Coimbatore,2010,93850,Petrol,Manual,First,14,796,5,2.41,Maruti
Toyota Etios Liva,Ahmedabad,2014,53000,Petrol,Manual,First,17.71,1197,5,3.9,Toyota
Jaguar XF 3.0,Hyderabad,2011,78000,Diesel,Automatic,Second,14.74,2993,5,24,Jaguar
Mahindra XUV500 W8,Delhi,2012,65000,Diesel,Manual,Second,16,2179,7,5.75,Mahindra
Hyundai Verna 1.6,Kolkata,2014,40000,Diesel,Automatic,First,22.32,1582,5,5.25,Hyundai
Toyota Innova Crysta,Mumbai,2017,30000,Diesel,Automatic,First,11.36,2755,7,19.25,Toyota
Maruti Eeco 5,Coimbatore,2017,38053,Petrol,Manual,First,15.1,1196,5,3.91,Maruti
Tata Nano Twist,Bangalore,2014,25500,Petrol,Manual,First,25.4,624,4,2.15,Tata
BMW 3 Series,Mumbai,2015,56087,Diesel,Automatic,First,22.69,1995,5,20.75,BMW
Honda Civic 2006-2010,Delhi,2010,71088,Petrol,Manual,First,13.5,1799,5,3.35,Honda
Toyota Innova 2.5,Ahmedabad,2014,55000,Diesel,Manual,First,12.99,2494,7,11.11,Toyota
Volvo V40 Cross,Bangalore,2014,32700,Diesel,Automatic,First,23.3,1984,5,20,Volvo
Nissan Micra XV,Coimbatore,2016,39882,Petrol,Automatic,First,19.15,1198,5,6.55,Nissan
BMW 5 Series,Mumbai,2009,128000,Petrol,Automatic,First,10.8,2497,5,7,BMW
Maruti Vitara Brezza,Mumbai,2016,55000,Diesel,Manual,First,24.3,1248,5,7.5,Maruti
Hyundai Santro Xing,Mumbai,2005,102000,Petrol,Manual,Second,17,1086,5,0.85,Hyundai
Mercedes-Benz B Class,Pune,2014,53753,Diesel,Automatic,Second,15,2143,5,16.75,Mercedes-Benz
Hyundai Verna CRDi,Kolkata,2018,10250,Diesel,Manual,First,22,1582,5,10.95,Hyundai
Maruti Wagon R,Pune,2011,43874,Petrol,Manual,First,18.9,998,5,2.45,Maruti
Tata Nano XTA,Coimbatore,2017,32684,Petrol,Automatic,First,21.9,624,4,3.23,Tata
Mahindra Scorpio VLX,Kolkata,2014,42000,Diesel,Manual,First,12.05,2179,8,7.75,Mahindra
Mercedes-Benz New C-Class,Kolkata,2009,28352,Petrol,Automatic,First,11.7,1796,5,9.35,Mercedes-Benz
Maruti Wagon R,Pune,2013,89900,CNG,Manual,First,26.6,998,5,3.25,Maruti
Honda CR-V 2.4,Bangalore,2007,47700,Petrol,Manual,Second,10.8,2354,5,5.25,Honda
Volkswagen Vento 1.5,Pune,2015,55000,Diesel,Automatic,First,21.21,1498,5,7.25,Volkswagen
Maruti Ciaz VXi,Kochi,2017,44285,Petrol,Manual,First,20.73,1373,5,7.47,Maruti
Mahindra XUV500 AT,Jaipur,2016,54000,Diesel,Automatic,First,16,2179,7,13.25,Mahindra
Maruti Ritz VXI,Coimbatore,2016,30232,Petrol,Manual,First,21.1,1197,5,5.81,Maruti
Maruti Alto K10,Hyderabad,2014,88500,Petrol,Manual,First,24.07,998,5,2.6,Maruti
Mercedes-Benz SLC 43,Kolkata,2017,13372,Petrol,Automatic,First,19,2996,2,54,Mercedes-Benz
Hyundai Verna VTVT,Kochi,2019,12645,Petrol,Automatic,First,17,1591,5,11.5,Hyundai
Maruti Alto LXi,Chennai,2010,94385,Petrol,Manual,Second,19.7,796,5,1.6,Maruti
BMW 1 Series,Coimbatore,2015,31821,Diesel,Automatic,First,20.58,1995,5,17.22,BMW
Honda Jazz 1.2,Mumbai,2015,12000,Petrol,Automatic,First,19,1199,5,6,Honda
Honda Civic 2006-2010,Delhi,2012,88578,Petrol,Manual,First,13.5,1799,5,3.95,Honda
Mercedes-Benz New C-Class,Kochi,2014,44965,Diesel,Automatic,First,19.27,2143,5,17.95,Mercedes-Benz
Honda Amaze SX,Kolkata,2014,45044,Diesel,Manual,First,25.8,1498,5,3.7,Honda
Maruti Swift VVT,Kochi,2016,34204,Petrol,Manual,First,22,1197,5,5.43,Maruti
Hyundai Santro Xing,Kochi,2008,80759,Petrol,Manual,Third,17,1086,5,1.67,Hyundai
Toyota Fortuner 3.0,Coimbatore,2012,91235,Diesel,Manual,First,11.5,2982,7,13.49,Toyota
Chevrolet Beat LT,Pune,2014,38800,Petrol,Manual,First,18.6,1199,5,2.85,Chevrolet
Skoda Rapid 1.5,Chennai,2013,83000,Diesel,Manual,First,21.14,1498,5,4.75,Skoda
Maruti Ciaz 1.4,Kochi,2018,41283,Petrol,Manual,First,20.73,1373,5,9.9,Maruti
Audi RS5 Coupe,Mumbai,2013,23000,Petrol,Automatic,First,11.05,2894,4,37,Audi
BMW 3 Series,Mumbai,2014,48000,Diesel,Automatic,First,21.76,1995,5,26.5,BMW
Audi A4 2.0,Coimbatore,2015,48214,Diesel,Automatic,First,17.11,1968,5,23.32,Audi
Maruti Swift VDI,Chennai,2016,35000,Diesel,Manual,First,22.9,1248,5,6.25,Maruti
Mercedes-Benz S Class,Kolkata,2010,35277,Petrol,Automatic,First,7.81,5461,5,30,Mercedes-Benz
Skoda Rapid 1.5,Coimbatore,2016,54620,Diesel,Automatic,First,21.66,1498,5,9.86,Skoda
Skoda Superb Elegance,Pune,2012,136997,Diesel,Automatic,First,17.2,1968,5,8.5,Skoda
Hyundai EON Magna,Kochi,2019,14322,Petrol,Manual,First,21.1,814,5,4.23,Hyundai
Volkswagen Polo Diesel,Jaipur,2012,65634,Diesel,Manual,First,22.07,1199,5,3.5,Volkswagen
Datsun GO NXT,Kolkata,2016,6000,Petrol,Manual,First,20.63,1198,5,2.5,Datsun
Honda Brio S,Kolkata,2013,33280,Petrol,Manual,First,19.4,1198,5,2.39,Honda
Mercedes-Benz B Class,Delhi,2013,29000,Petrol,Automatic,First,14.8,1595,5,11.25,Mercedes-Benz
Honda City i,Kochi,2015,42831,Diesel,Manual,First,26,1498,5,7.11,Honda
Toyota Innova 2.5,Ahmedabad,2016,90000,Diesel,Manual,First,12.99,2494,7,10.9,Toyota
Maruti Swift VXI,Ahmedabad,2017,24005,Petrol,Manual,First,20.4,1197,5,6.2,Maruti
Mahindra XUV500 W8,Mumbai,2012,32792,Diesel,Manual,First,15.1,2179,7,7.9,Mahindra
Ford Ecosport 1.5,Kochi,2014,147898,Diesel,Manual,First,22.7,1498,5,4.42,Ford
Toyota Fortuner 4x2,Mumbai,2012,131765,Diesel,Manual,First,13,2982,7,13.5,Toyota
Volkswagen Vento 1.5,Chennai,2013,65000,Diesel,Automatic,First,21.5,1498,5,6.25,Volkswagen
Ford Figo Diesel,Jaipur,2010,66123,Diesel,Manual,Second,20,1399,5,2.1,Ford
BMW X5 xDrive,Mumbai,2015,41000,Diesel,Automatic,First,15.3,2993,5,45,BMW
Mercedes-Benz New C-Class,Coimbatore,2017,23550,Diesel,Automatic,First,19.27,2143,5,33.66,Mercedes-Benz
Honda Brio V,Bangalore,2012,45000,Petrol,Manual,Second,19.4,1198,5,3.65,Honda
Hyundai i10 Magna,Delhi,2013,60000,Petrol,Manual,First,20.36,1197,5,2.75,Hyundai
Mercedes-Benz GLC 220,Bangalore,2016,44414,Diesel,Automatic,First,17.9,2143,5,42.5,Mercedes-Benz
Hyundai Grand i10,Kolkata,2019,1000,Petrol,Manual,First,18.9,1197,5,6.5,Hyundai
Audi A6 2011-2015,Mumbai,2012,62500,Diesel,Automatic,Second,17.68,1968,5,19,Audi
Volkswagen Vento Petrol,Mumbai,2013,21000,Petrol,Automatic,Second,14.4,1598,5,4.45,Volkswagen
Mini Countryman Cooper,Jaipur,2017,8525,Diesel,Automatic,Second,16.6,1998,5,23,Mini
Hyundai i20 Asta,Bangalore,2014,29000,Diesel,Manual,First,22.54,1396,5,8.35,Hyundai
Audi A6 2011-2015,Mumbai,2014,40000,Diesel,Automatic,First,17.68,1968,5,22.95,Audi
Chevrolet Beat Diesel,Jaipur,2012,88000,Diesel,Manual,First,25.44,936,5,1.5,Chevrolet
Skoda Superb Elegance,Kochi,2012,53537,Petrol,Automatic,First,13.7,1798,5,6.89,Skoda
Ford Fiesta 1.4,Chennai,2006,216000,Diesel,Manual,Second,17.8,1399,5,1.45,Ford
BMW 5 Series,Hyderabad,2014,51000,Diesel,Automatic,First,22.48,1995,5,33.5,BMW
Chevrolet Optra Magnum,Jaipur,2007,118500,Petrol,Manual,First,12.9,1598,5,1.25,Chevrolet
Volkswagen Polo Diesel,Hyderabad,2012,63000,Diesel,Manual,First,22.07,1199,5,4.2,Volkswagen
Renault Lodgy 110PS,Mumbai,2015,25000,Diesel,Manual,First,19.98,1461,8,6.75,Renault
Mercedes-Benz E-Class E250,Bangalore,2014,37382,Diesel,Automatic,First,13,2143,5,32,Mercedes-Benz
Maruti Baleno Alpha,Kochi,2017,24773,Petrol,Manual,First,21.4,1197,5,7.5,Maruti
Hyundai Verna 1.6,Delhi,2012,62000,Diesel,Manual,First,22.32,1582,5,4.6,Hyundai
Hyundai i10 Magna,Kochi,2017,52340,Petrol,Manual,First,19.81,1086,5,4.04,Hyundai
Mahindra Scorpio 1.99,Kochi,2016,56739,Diesel,Manual,First,15.4,1997,7,10.31,Mahindra
Land Rover Range,Coimbatore,2018,36091,Diesel,Automatic,First,12.7,2179,5,55.76,Land
Ford Figo Diesel,Chennai,2010,120000,Diesel,Manual,First,20,1399,5,2.6,Ford
Maruti Ertiga ZDI,Mumbai,2016,33000,Diesel,Manual,First,25.47,1248,7,8.5,Maruti
Honda Amaze S,Kolkata,2014,52000,Diesel,Manual,First,25.8,1498,5,3.5,Honda
Hyundai i10 Magna,Jaipur,2015,43571,Petrol,Manual,First,20.36,1197,5,3.55,Hyundai
Honda Amaze S,Kolkata,2013,50000,Diesel,Manual,First,25.8,1498,5,3.25,Honda
Skoda Laura Ambiente,Hyderabad,2008,113000,Diesel,Manual,First,17.5,1896,5,4.5,Skoda
Renault Duster 85PS,Delhi,2014,90000,Diesel,Manual,First,19.87,1461,5,5.35,Renault
Mahindra NuvoSport N6,Chennai,2017,29000,Diesel,Manual,Second,17.45,1493,7,6.5,Mahindra
Maruti Vitara Brezza,Mumbai,2016,20000,Diesel,Manual,First,24.3,1248,5,9,Maruti
Hyundai i20 Asta,Kochi,2016,61012,Petrol,Manual,First,18.6,1197,5,6,Hyundai
Skoda Fabia 1.4,Jaipur,2009,87459,Petrol,Manual,First,14.7,1390,5,2.75,Skoda
Tata Indigo eCS,Pune,2010,70500,Petrol,Manual,First,15.64,1193,5,1.5,Tata
Audi Q3 2012-2015,Delhi,2015,64103,Diesel,Automatic,First,15.73,1968,5,19.9,Audi
Skoda Octavia Elegance,Mumbai,2014,76000,Petrol,Automatic,First,14.7,1798,5,10,Skoda
Toyota Etios Liva,Delhi,2014,104000,Diesel,Manual,First,23.59,1364,5,3,Toyota
Mercedes-Benz B Class,Kochi,2014,37245,Petrol,Automatic,First,14.8,1595,5,11.96,Mercedes-Benz
Honda Amaze S,Kolkata,2013,45000,Diesel,Manual,First,27.4,1498,5,3.25,Honda
Hyundai Verna 1.6,Jaipur,2012,117837,Diesel,Manual,Second,22.32,1582,5,4.75,Hyundai
Renault Duster 85PS,Mumbai,2014,30000,Diesel,Manual,First,20.46,1461,5,5.95,Renault
Hyundai Creta 1.6,Delhi,2015,27057,Petrol,Manual,Second,15.29,1591,5,8.15,Hyundai
Maruti Wagon R,Mumbai,2016,8500,Petrol,Automatic,First,20.51,998,5,4.22,Maruti
Mercedes-Benz New C-Class,Kolkata,2010,30500,Petrol,Automatic,First,11.74,1796,5,10.5,Mercedes-Benz
Audi A8 L,Delhi,2012,56000,Diesel,Automatic,First,11.8,2967,5,45,Audi
Hyundai i10 Magna,Pune,2012,44000,Petrol,Manual,Second,19.81,1086,5,2.9,Hyundai
Skoda Rapid 1.6,Mumbai,2017,10500,Petrol,Automatic,First,14.3,1598,5,8.9,Skoda
Skoda Superb Style,Hyderabad,2017,26000,Petrol,Automatic,First,14.67,1798,5,26,Skoda
Hyundai i20 Active,Coimbatore,2018,25166,Petrol,Manual,First,17.19,1197,5,8.22,Hyundai
Honda Amaze VX,Kolkata,2014,64000,Diesel,Manual,Second,25.8,1498,5,3.5,Honda
Maruti Wagon R,Chennai,2004,61000,Petrol,Manual,Second,18.9,998,5,1.25,Maruti
Mahindra Verito 1.5,Hyderabad,2013,107000,Diesel,Manual,First,21.03,1461,5,3.7,Mahindra
Mercedes-Benz New C-Class,Coimbatore,2018,29161,Diesel,Automatic,First,19.27,2143,5,39.41,Mercedes-Benz
Maruti Wagon R,Kolkata,2013,32000,Petrol,Manual,First,22.5,998,5,2.65,Maruti
Nissan Terrano XV,Coimbatore,2015,46173,Diesel,Manual,Second,19.01,1461,5,8.92,Nissan
Maruti Swift VDI,Delhi,2013,47000,Diesel,Manual,First,17.8,1248,5,4.1,Maruti
Mini Cooper Convertible,Kochi,2017,26327,Petrol,Automatic,First,16.82,1998,4,35.67,Mini
Tata Indica V2,Jaipur,2007,200000,Diesel,Manual,Second,17.2,1396,5,0.85,Tata
Chevrolet Beat LT,Kochi,2016,60813,Petrol,Manual,Second,18.6,1199,5,3.32,Chevrolet
Volkswagen Polo Diesel,Mumbai,2012,45000,Diesel,Manual,First,22.07,1199,5,3.6,Volkswagen
Maruti Swift ZDi,Hyderabad,2016,64000,Diesel,Manual,First,22.9,1248,5,6.8,Maruti
Ford Figo Diesel,Kolkata,2012,41284,Diesel,Manual,First,20,1399,5,2.5,Ford
Toyota Innova Crysta,Kochi,2019,14165,Diesel,Automatic,First,11.36,2755,7,19.64,Toyota
Hyundai Santa Fe,Mumbai,2011,67000,Diesel,Automatic,Second,11.72,2199,7,7,Hyundai
Honda City i-VTEC,Kolkata,2011,32572,Petrol,Manual,First,17.4,1497,5,3.87,Honda
Hyundai i20 1.2,Kochi,2018,14960,Petrol,Manual,First,18.6,1197,5,6.27,Hyundai
Mercedes-Benz New C-Class,Kochi,2015,55980,Diesel,Automatic,First,19.27,2143,5,18.12,Mercedes-Benz
Chevrolet Beat Diesel,Mumbai,2013,74000,Diesel,Manual,First,25.44,936,5,2.65,Chevrolet
Hyundai i20 Sportz,Kochi,2015,56847,Diesel,Manual,First,22.54,1396,5,7.2,Hyundai
Toyota Innova 2.5,Coimbatore,2015,121374,Diesel,Manual,First,12.99,2494,7,14.3,Toyota
Maruti Ertiga VDI,Chennai,2013,52000,Diesel,Manual,First,20.77,1248,7,6.9,Maruti
Toyota Innova 2.5,Mumbai,2014,118000,Diesel,Manual,First,12.8,2494,7,10.75,Toyota
Hyundai Santro Xing,Mumbai,2007,72000,Petrol,Manual,Third,17,1086,5,0.95,Hyundai
Honda City i,Kochi,2016,33915,Petrol,Manual,First,17.8,1497,5,8.09,Honda
BMW X1 sDrive20d,Ahmedabad,2014,82002,Diesel,Automatic,First,17.05,1995,5,18.5,BMW
Hyundai Grand i10,Mumbai,2017,33000,Diesel,Manual,First,24,1120,5,4.75,Hyundai
Maruti Ciaz 1.3,Chennai,2016,34000,Diesel,Manual,First,28.09,1248,5,8.45,Maruti
Skoda Rapid Leisure,Kolkata,2012,55000,Diesel,Manual,First,20.5,1598,5,3.5,Skoda
Hyundai Accent CRDi,Kochi,2006,160538,Diesel,Manual,First,13.1,1493,5,1.8,Hyundai
Volkswagen Polo GT,Jaipur,2014,60000,Diesel,Manual,Second,19.91,1498,5,3.7,Volkswagen
Honda Jazz 1.2,Coimbatore,2017,49575,Petrol,Manual,First,18.7,1199,5,7.17,Honda
Hyundai i10 Era,Jaipur,2010,83000,Petrol,Manual,First,19.81,1086,5,1.75,Hyundai
Hyundai Tucson 2.0,Kochi,2018,51346,Diesel,Automatic,First,16.38,1995,5,21.99,Hyundai
Toyota Innova Crysta,Pune,2017,43000,Diesel,Manual,First,13.68,2393,7,18.65,Toyota
Maruti Omni MPI,Jaipur,2011,35000,Petrol,Manual,Third,19.7,796,5,1.85,Maruti
Maruti Swift VXI,Coimbatore,2017,27872,Petrol,Manual,Second,20.4,1197,5,5.95,Maruti
Hyundai Grand i10,Mumbai,2014,16514,Petrol,Manual,First,18.9,1197,5,3.75,Hyundai
Maruti Swift VDI,Pune,2012,120000,Diesel,Manual,First,22.9,1248,5,3.75,Maruti
Hyundai Verna CRDi,Hyderabad,2008,143275,Diesel,Manual,First,22,1582,5,2.6,Hyundai
Hyundai Santro Xing,Hyderabad,2006,99000,Petrol,Manual,First,0,1086,5,1.75,Hyundai
Hyundai i20 1.2,Mumbai,2010,52000,Petrol,Manual,First,17,1197,5,2.8,Hyundai
Mercedes-Benz GLE 350d,Coimbatore,2017,29819,Diesel,Automatic,First,11.57,2987,5,61.29,Mercedes-Benz
Mercedes-Benz New C-Class,Bangalore,2014,57000,Diesel,Manual,Second,15.8,2148,5,18,Mercedes-Benz
Maruti Ritz ZDi,Hyderabad,2014,88500,Diesel,Manual,First,23.2,1248,5,4.35,Maruti
Hyundai Creta 1.6,Bangalore,2016,28000,Diesel,Manual,First,19.67,1582,5,13.75,Hyundai
Maruti A-Star Vxi,Pune,2010,67000,Petrol,Manual,First,19,998,5,2,Maruti
Renault Duster 110PS,Delhi,2016,26000,Diesel,Manual,First,19.64,1461,5,10,Renault
Fiat Grande Punto,Delhi,2010,120000,Diesel,Manual,First,17.8,1248,5,1.65,Fiat
BMW X3 xDrive30d,Coimbatore,2017,51982,Diesel,Automatic,First,16.55,2993,5,45.77,BMW
Hyundai i10 Sportz,Bangalore,2010,36000,Petrol,Manual,Second,20.36,1197,5,3.25,Hyundai
Toyota Innova 2.5,Pune,2016,47000,Diesel,Manual,First,12.8,2494,7,12.8,Toyota
Maruti Zen VXI,Mumbai,2002,60000,Petrol,Manual,Third,17.3,993,5,0.55,Maruti
Maruti Swift VDI,Hyderabad,2018,31025,Diesel,Manual,First,28.4,1248,5,7.15,Maruti
Mahindra Scorpio VLX,Pune,2013,105000,Diesel,Manual,Second,12.05,2179,8,7,Mahindra
Tata Zest Quadrajet,Pune,2017,121900,Diesel,Manual,First,22.95,1248,5,3.75,Tata
Ford EcoSport 1.0,Mumbai,2017,22695,Petrol,Manual,First,18.88,999,5,8.5,Ford
Maruti Swift Dzire,Jaipur,2012,73000,Diesel,Manual,First,23.4,1248,5,4.35,Maruti
Maruti Alto 800,Kochi,2016,32227,Petrol,Manual,First,22.74,796,5,3.26,Maruti
Honda City 1.5,Jaipur,2011,55000,Petrol,Manual,First,17,1497,5,4.21,Honda
Audi Q7 3.0,Kochi,2018,11287,Diesel,Automatic,First,12.07,2967,7,70.36,Audi
Skoda Laura 1.9,Mumbai,2009,48000,Diesel,Automatic,Second,17,1896,5,2.95,Skoda
Hyundai Verna 1.6,Kochi,2012,54308,Petrol,Manual,First,17.1,1591,5,4.28,Hyundai
Honda City 1.5,Jaipur,2009,78442,Petrol,Automatic,First,16.8,1497,5,3.57,Honda
Hyundai i20 Magna,Kolkata,2013,46000,Diesel,Manual,First,21.9,1396,5,3.11,Hyundai
Hyundai i20 Sportz,Coimbatore,2014,45051,Petrol,Automatic,First,15,1396,5,5.96,Hyundai
Volkswagen Vento Diesel,Hyderabad,2011,69000,Diesel,Manual,First,20.54,1598,5,4.7,Volkswagen
Honda City i,Ahmedabad,2014,49000,Petrol,Manual,First,17.4,1497,5,6.9,Honda
Tata Zest Quadrajet,Pune,2018,45000,Diesel,Manual,First,22.95,1248,5,5.25,Tata
BMW 5 Series,Pune,2015,64000,Diesel,Automatic,First,18.48,1995,5,28,BMW
Maruti Wagon R,Delhi,2009,60000,Petrol,Manual,First,18.9,1061,5,1.35,Maruti
Honda Jazz VX,Delhi,2015,62178,Petrol,Manual,First,18.2,1199,5,4.85,Honda
Volkswagen Jetta 2007-2011,Coimbatore,2012,58006,Diesel,Manual,First,15,1896,5,6.7,Volkswagen
Hyundai i10 Magna,Hyderabad,2010,74000,Petrol,Manual,First,20.36,1197,5,3.1,Hyundai
Mercedes-Benz New C-Class,Kochi,2015,77771,Diesel,Automatic,First,19.27,2143,5,18.64,Mercedes-Benz
Hyundai i10 Magna,Pune,2012,45275,Petrol,Manual,First,20.36,1197,5,2.8,Hyundai
Toyota Innova Crysta,Chennai,2016,48000,Diesel,Manual,First,13.68,2393,7,20.25,Toyota
Audi A6 2011-2015,Kochi,2015,31652,Diesel,Automatic,First,17.68,1968,5,26.78,Audi
Toyota Innova 2.5,Hyderabad,2010,109000,Diesel,Manual,Second,12.99,2494,7,8.26,Toyota
Volkswagen Polo Petrol,Mumbai,2015,31978,Petrol,Manual,First,16.47,1198,5,3.89,Volkswagen
Maruti Alto K10,Hyderabad,2011,70000,Petrol,Manual,First,20.92,998,5,2.1,Maruti
Honda City i-VTEC,Mumbai,2017,15000,Petrol,Automatic,First,18,1497,5,12.69,Honda
Tata Indigo LX,Coimbatore,2013,59138,Diesel,Manual,First,17,1405,5,2.58,Tata
Audi A6 2011-2015,Kochi,2014,61726,Diesel,Automatic,First,17.68,1968,5,20.77,Audi
Mercedes-Benz GLA Class,Delhi,2015,48000,Diesel,Automatic,First,17.9,2143,5,20.26,Mercedes-Benz
Hyundai Santro Xing,Chennai,2006,58000,Petrol,Manual,Second,0,1086,5,1.5,Hyundai
Maruti Swift VDI,Kolkata,2011,60020,Diesel,Manual,First,17.8,1248,5,2.5,Maruti
Maruti Celerio VXI,Hyderabad,2014,77815,Petrol,Automatic,First,23.1,998,5,4.25,Maruti
Mercedes-Benz GLE 250d,Hyderabad,2017,29000,Diesel,Automatic,First,17.9,2143,5,57,Mercedes-Benz
Land Rover Range,Delhi,2017,44000,Diesel,Automatic,First,12.7,2179,5,44,Land
Volkswagen Vento Diesel,Hyderabad,2011,108626,Diesel,Manual,First,20.54,1598,5,3.65,Volkswagen
Maruti Omni 8,Hyderabad,2012,71791,Petrol,Manual,First,14,796,5,2.05,Maruti
Honda Brio 1.2,Kochi,2012,91931,Petrol,Manual,First,18.5,1198,5,3.13,Honda
Tata Sumo Delux,Hyderabad,2000,158000,Diesel,Manual,Second,14.07,2956,7,1.5,Tata
Tata Indica Vista,Pune,2012,91183,Diesel,Manual,First,18,1248,5,2.85,Tata
Maruti Wagon R,Delhi,2012,65000,Petrol,Manual,First,18.9,998,5,2.65,Maruti
Mahindra XUV500 W8,Hyderabad,2015,88428,Diesel,Manual,First,16,2179,7,10.6,Mahindra
Tata Indigo LS,Pune,2008,138000,Diesel,Manual,Second,17.1,1396,5,1.25,Tata
Maruti Ertiga Paseo,Mumbai,2018,18000,Petrol,Manual,First,16.02,1373,7,8.25,Maruti
Honda Accord 2.4,Mumbai,2011,60000,Petrol,Automatic,First,11.7,2354,5,4.45,Honda
Maruti Swift Dzire,Kolkata,2012,48000,Diesel,Manual,First,19.3,1248,5,3.7,Maruti
Ford Fiesta EXi,Hyderabad,2009,160000,Diesel,Manual,First,17.8,1399,5,2.8,Ford
Honda City ZX,Kolkata,2008,40000,Petrol,Manual,First,17.7,1497,5,1.8,Honda
Audi A6 2011-2015,Kochi,2014,51495,Diesel,Automatic,First,17.68,1968,5,21.95,Audi
BMW 6 Series,Mumbai,2011,30000,Diesel,Automatic,First,9.52,2993,4,49,BMW
Audi Q7 45,Coimbatore,2017,97430,Diesel,Automatic,First,14.75,2967,7,62.67,Audi
Maruti Zen Estilo,Pune,2008,42496,CNG,Manual,First,26.3,998,5,1.4,Maruti
Hyundai i20 1.4,Pune,2012,83000,Diesel,Manual,First,23,1396,5,5.5,Hyundai
Hyundai i10 Sportz,Bangalore,2009,37000,Petrol,Automatic,Third,16.95,1197,5,2.95,Hyundai
Honda Jazz 1.2,Kochi,2016,28503,Petrol,Automatic,First,19,1199,5,6.86,Honda
Maruti Swift VDI,Hyderabad,2015,76496,Diesel,Manual,First,25.2,1248,5,6.15,Maruti
Hyundai i20 Asta,Pune,2011,79152,Petrol,Manual,Second,18.5,1197,5,3.3,Hyundai
Volkswagen Polo Petrol,Kolkata,2011,32000,Petrol,Manual,First,16.47,1198,5,2.55,Volkswagen
Maruti Alto LXi,Ahmedabad,2009,35000,Petrol,Manual,First,19.7,796,5,1.5,Maruti
Toyota Corolla H4,Chennai,2004,105000,Petrol,Automatic,Second,11.3,1794,5,2.5,Toyota
Maruti Alto LXi,Chennai,2006,56000,Petrol,Manual,Second,19.7,796,5,1.4,Maruti
Tata Manza ELAN,Pune,2012,73000,Diesel,Manual,First,21.12,1248,5,3.4,Tata
Maruti Alto LXi,Pune,2012,38000,Petrol,Manual,First,19.7,796,5,2.25,Maruti
Skoda Octavia Ambition,Kolkata,2013,775000,Diesel,Automatic,First,19.3,1968,5,7.5,Skoda
Toyota Corolla H4,Kolkata,2008,80000,Petrol,Automatic,First,11.3,1794,5,2.8,Toyota
Hyundai i20 Asta,Coimbatore,2016,24973,Petrol,Manual,First,18.6,1197,5,7.66,Hyundai
Maruti Vitara Brezza,Chennai,2016,45000,Diesel,Manual,First,24.3,1248,5,7.15,Maruti
Honda City 1.5,Delhi,2010,87430,Petrol,Manual,First,17,1497,5,3.5,Honda
Tata Indica Vista,Hyderabad,2014,133944,Diesel,Manual,Second,18,1248,5,3.5,Tata
Honda Amaze S,Kolkata,2013,57000,Diesel,Manual,First,25.8,1498,5,3.45,Honda
Hyundai EON D,Coimbatore,2016,27904,Petrol,Manual,First,21.1,814,5,3.55,Hyundai
BMW 3 Series,Kochi,2015,30717,Diesel,Automatic,Second,21.76,1995,5,25.99,BMW
Hyundai Verna 1.6,Bangalore,2012,80000,Diesel,Manual,First,22.32,1582,5,5.25,Hyundai
Tata Manza Club,Ahmedabad,2013,47304,Diesel,Manual,First,21.02,1248,5,2.9,Tata
Skoda Octavia RS,Jaipur,2005,100000,Petrol,Automatic,First,14.45,1984,5,2.05,Skoda
Maruti Alto K10,Pune,2017,30000,Petrol,Manual,First,24.07,998,5,3.75,Maruti
Ford Ecosport 1.5,Mumbai,2014,68000,Diesel,Manual,First,22.7,1498,5,6.75,Ford
Chevrolet Spark 1.0,Kolkata,2011,21000,Petrol,Manual,Second,18,995,5,0.95,Chevrolet
Jaguar XF 2.0,Hyderabad,2017,21000,Diesel,Automatic,First,19.33,1999,5,52,Jaguar
Honda CR-V RVi,Jaipur,2007,119000,Petrol,Manual,Third,13.1,1997,5,3.91,Honda
Skoda Superb L&K,Kochi,2019,13747,Petrol,Automatic,First,14.67,1798,5,27.3,Skoda
Hyundai i10 Magna,Chennai,2009,620000,Petrol,Manual,First,20.36,1197,5,2.7,Hyundai
Maruti Swift LDI,Delhi,2013,70000,Diesel,Manual,First,22.9,1248,5,3.5,Maruti
Maruti Swift Dzire,Mumbai,2016,18000,Petrol,Automatic,First,18.5,1197,5,6.2,Maruti
Nissan Micra Diesel,Chennai,2011,83000,Diesel,Manual,First,23.08,1461,5,2.75,Nissan
Maruti Swift Dzire,Mumbai,2015,130000,Diesel,Manual,First,23.4,1248,5,3.25,Maruti
Ford Fiesta Classic,Pune,2012,63400,Diesel,Manual,First,17.8,1399,5,3.25,Ford
Maruti Zen LX,Kolkata,2003,65000,Petrol,Manual,First,17.3,993,5,0.65,Maruti
Mini Clubman Cooper,Pune,2017,8350,Petrol,Manual,First,13.8,1998,5,35,Mini
Toyota Etios GD,Kolkata,2014,45000,Diesel,Manual,First,23.59,1364,5,3.25,Toyota
Maruti Alto 800,Kolkata,2018,26200,Petrol,Manual,First,24.7,796,5,2.9,Maruti
Maruti Alto VXi,Bangalore,2011,11000,Petrol,Manual,Third,18.9,796,5,2.9,Maruti
BMW X5 3.0d,Bangalore,2009,90000,Diesel,Automatic,Second,11,2993,5,17.75,BMW
Nissan Teana XV,Mumbai,2015,74000,Petrol,Automatic,Second,11.07,2496,5,8.25,Nissan
Hyundai Grand i10,Coimbatore,2015,37081,Petrol,Automatic,First,18.9,1197,5,5.77,Hyundai
Maruti Vitara Brezza,Hyderabad,2017,39000,Diesel,Manual,First,24.3,1248,5,9.49,Maruti
Audi Q7 3.0,Mumbai,2008,99000,Diesel,Automatic,Third,12.07,2967,7,12.95,Audi
Mercedes-Benz GLA Class,Chennai,2015,38000,Diesel,Automatic,First,17.9,2143,5,20,Mercedes-Benz
Maruti 800 AC,Chennai,2007,72000,Petrol,Manual,Third,16.1,796,4,1,Maruti
Renault Duster 85PS,Chennai,2015,93000,Diesel,Manual,Second,20.45,1461,5,7.1,Renault
Toyota Corolla Altis,Mumbai,2017,5900,Diesel,Manual,First,21.43,1364,5,16.5,Toyota
Mercedes-Benz New C-Class,Chennai,2014,25000,Diesel,Manual,First,15.8,2148,5,26,Mercedes-Benz
Maruti Ritz VDi,Hyderabad,2010,68000,Diesel,Manual,Second,21.1,1248,5,3.2,Maruti
Honda BRV i-VTEC,Kochi,2017,35676,Petrol,Automatic,First,16,1497,7,9.48,Honda
Hyundai Xcent 1.1,Kochi,2015,74310,Diesel,Manual,First,24.4,1120,5,4,Hyundai
Mercedes-Benz E-Class 2009-2013,Jaipur,2014,59364,Diesel,Automatic,First,14.21,2143,5,26.5,Mercedes-Benz
Mercedes-Benz B Class,Kochi,2014,41380,Petrol,Automatic,Second,14.8,1595,5,11.77,Mercedes-Benz
Mercedes-Benz E-Class 2015-2017,Bangalore,2017,33900,Diesel,Automatic,First,15,2143,5,37,Mercedes-Benz
Honda City i,Mumbai,2016,28000,Petrol,Manual,First,17.8,1497,5,8.75,Honda
Hyundai Santro Xing,Hyderabad,2007,50958,Petrol,Manual,First,17,1086,5,1.95,Hyundai
Honda City 1.5,Chennai,2011,93982,Petrol,Manual,First,17,1497,5,3.75,Honda
Hyundai Verna Transform,Pune,2010,95000,Petrol,Manual,First,16.2,1599,5,2.5,Hyundai
Jaguar XE Portfolio,Mumbai,2017,9000,Petrol,Automatic,First,13.5,1999,5,34.5,Jaguar
Honda Amaze S,Delhi,2015,52516,Petrol,Manual,First,18,1198,5,4.65,Honda
Mini Cooper Convertible,Bangalore,2015,20000,Petrol,Automatic,First,18.86,1598,4,32,Mini
Mercedes-Benz S Class,Coimbatore,2017,56451,Diesel,Automatic,First,13.5,2987,5,62.81,Mercedes-Benz
Hyundai EON Magna,Chennai,2014,37000,Petrol,Manual,First,21.1,814,5,3.25,Hyundai
Maruti Wagon R,Kolkata,2014,17400,Petrol,Manual,First,20.51,998,5,3.1,Maruti
Maruti Ritz LDi,Coimbatore,2011,90207,Diesel,Manual,First,21.1,1248,5,3.91,Maruti
BMW 3 Series,Chennai,2011,89616,Diesel,Automatic,First,16.07,1995,5,11,BMW
Tata Xenon XT,Pune,2014,85000,Diesel,Manual,First,13.49,2179,5,3.5,Tata
Audi A3 35,Chennai,2014,79271,Diesel,Automatic,First,20.38,1968,5,16.5,Audi
Land Rover Range,Hyderabad,2012,56000,Diesel,Automatic,First,12.7,2179,5,30,Land
Mercedes-Benz GL-Class 2007,Pune,2010,85001,Diesel,Automatic,Second,12,2987,7,28,Mercedes-Benz
Mitsubishi Pajero Sport,Hyderabad,2018,12000,Diesel,Automatic,First,13.5,2477,7,28,Mitsubishi
Maruti Alto LX,Jaipur,2010,125000,Petrol,Manual,First,19.7,796,5,0.92,Maruti
Maruti Wagon R,Pune,2013,53000,Petrol,Manual,First,14,1061,5,2.75,Maruti
Land Rover Range,Coimbatore,2017,34990,Diesel,Automatic,First,12.7,2179,5,53.83,Land
Hyundai Verna 1.6,Pune,2011,49768,Petrol,Manual,Second,17.01,1591,5,4.95,Hyundai
BMW 5 Series,Hyderabad,2013,56000,Diesel,Automatic,First,16.73,2993,5,33.5,BMW
Jaguar XF Diesel,Bangalore,2013,75000,Diesel,Automatic,First,14.74,2993,5,27.95,Jaguar
Skoda Superb Elegance,Hyderabad,2010,57000,Petrol,Automatic,First,13.7,1798,5,7.25,Skoda
Audi Q3 35,Kochi,2017,37542,Diesel,Automatic,First,15.73,1968,5,25.71,Audi
Land Rover Range,Coimbatore,2014,95649,Diesel,Automatic,First,12.7,2179,5,29.67,Land
Mercedes-Benz New C-Class,Jaipur,2013,35299,Diesel,Automatic,First,14.84,2143,5,19,Mercedes-Benz
Mahindra Scorpio S10,Kochi,2017,28464,Diesel,Manual,First,15.4,2179,7,13.05,Mahindra
BMW 3 Series,Mumbai,2015,41000,Diesel,Automatic,First,21.76,1995,5,25.5,BMW
Honda BR-V i-VTEC,Pune,2017,9000,Petrol,Manual,First,15.4,1497,7,8.5,Honda
Volvo S80 2006-2013,Chennai,2010,92098,Diesel,Automatic,Second,16,2400,5,7.25,Volvo
Hyundai Accent GLE,Pune,2005,5834,Petrol,Manual,First,13.2,1495,5,0.8,Hyundai
Hyundai i20 Active,Jaipur,2017,40250,Petrol,Manual,First,17.19,1197,5,6.9,Hyundai
Mercedes-Benz GLC 43,Coimbatore,2018,22397,Petrol,Automatic,First,11.5,2996,5,70.99,Mercedes-Benz
Hyundai EON Magna,Kolkata,2015,20800,Petrol,Manual,Second,21.1,814,5,2.25,Hyundai
Hyundai Grand i10,Kochi,2018,40322,Petrol,Manual,First,18.9,1197,5,5.5,Hyundai
Honda City 1.5,Mumbai,2013,52576,Petrol,Manual,First,13,1493,5,4.35,Honda
Volkswagen Polo Petrol,Kolkata,2010,55000,Petrol,Manual,First,16.47,1198,5,2.25,Volkswagen
Audi A6 35,Mumbai,2016,47000,Petrol,Automatic,First,15.26,1798,5,24.5,Audi
Volkswagen Jetta 2007-2011,Hyderabad,2010,42021,Diesel,Manual,First,0,1968,5,5.45,Volkswagen
Hyundai Creta 1.6,Coimbatore,2017,23163,Petrol,Manual,First,15.29,1591,5,12.03,Hyundai
Mercedes-Benz New C-Class,Mumbai,2011,50000,Petrol,Automatic,Second,11.74,1796,5,8.5,Mercedes-Benz
Mini Cooper Convertible,Mumbai,2014,11900,Petrol,Automatic,First,16.82,1998,4,28.5,Mini
Hyundai Santro Xing,Pune,2006,108000,Petrol,Manual,Second,17,1086,5,1.2,Hyundai
Toyota Etios VD,Bangalore,2013,37000,Diesel,Manual,First,23.59,1364,5,5.75,Toyota
Honda Brio S,Delhi,2014,30000,Petrol,Manual,Second,19.4,1198,5,3.2,Honda
Maruti Baleno Alpha,Coimbatore,2018,12831,Petrol,Automatic,First,21.4,1197,5,9.89,Maruti
Skoda Laura Ambiente,Coimbatore,2012,143017,Diesel,Automatic,First,20,1968,5,6.58,Skoda
Hyundai EON Era,Kochi,2018,13102,Petrol,Manual,First,21.1,814,5,4.06,Hyundai
Renault Captur 1.5,Coimbatore,2019,24950,Diesel,Manual,First,20.37,1461,5,13.37,Renault
BMW 5 Series,Coimbatore,2011,57832,Diesel,Automatic,First,16.2,2993,5,25.82,BMW
Maruti Alto 800,Kochi,2016,34267,Petrol,Manual,First,22.74,796,5,3.74,Maruti
Volvo V40 D3,Bangalore,2015,33000,Diesel,Automatic,Second,16.8,1984,5,22,Volvo
Maruti Wagon R,Ahmedabad,2007,55100,Petrol,Manual,First,18.9,998,5,1.45,Maruti
Honda City ZX,Kolkata,2008,40000,Petrol,Manual,First,17.7,1497,5,2,Honda
Maruti Eeco 5,Kochi,2017,31841,CNG,Manual,First,15.1,1196,5,4.7,Maruti
Chevrolet Enjoy 1.4,Kolkata,2014,15000,Petrol,Manual,First,13.7,1399,8,3.75,Chevrolet
Mahindra Bolero ZLX,Coimbatore,2016,82756,Diesel,Manual,First,15.96,2523,7,7.7,Mahindra
Hyundai Santro GLS,Coimbatore,2012,50243,Petrol,Manual,First,0,1086,5,3.35,Hyundai
Hyundai EON D,Hyderabad,2014,20600,Petrol,Manual,First,21.1,814,5,2.6,Hyundai
Hyundai Creta 1.6,Coimbatore,2017,29952,Petrol,Automatic,First,13,1591,5,13.77,Hyundai
Volkswagen Vento 1.6,Mumbai,2017,15000,Petrol,Manual,Second,16.09,1598,5,7.1,Volkswagen
Honda Civic 2006-2010,Pune,2008,61938,Petrol,Automatic,Second,12.9,1799,5,2.65,Honda
Tata Indica Vista,Hyderabad,2014,67000,Diesel,Manual,First,22.3,1248,5,2.5,Tata
Mahindra XUV500 W8,Kochi,2013,61672,Diesel,Manual,First,16,2179,7,7.53,Mahindra
Hyundai i20 1.2,Coimbatore,2017,26185,Petrol,Manual,First,18.6,1197,5,7.98,Hyundai
Audi Q5 30,Bangalore,2014,38000,Diesel,Automatic,Second,14.16,1968,5,39,Audi
Maruti Ritz VXi,Chennai,2011,67000,Petrol,Manual,Second,18.5,1197,5,2.25,Maruti
Mitsubishi Cedia Sports,Chennai,2010,66000,Petrol,Manual,Second,13.17,1999,5,3.85,Mitsubishi
Toyota Innova 2.5,Hyderabad,2015,80883,Diesel,Manual,First,12.8,2494,7,13.5,Toyota
Maruti Celerio LDi,Hyderabad,2016,80219,Diesel,Manual,First,27.62,793,5,3.5,Maruti
Maruti S-Cross Delta,Delhi,2018,12923,Diesel,Manual,First,25.1,1248,5,8.92,Maruti
Audi Q3 35,Coimbatore,2016,86642,Diesel,Automatic,First,15.17,1968,5,20.37,Audi
BMW 3 Series,Bangalore,2016,19235,Diesel,Automatic,First,21.76,1995,5,36.5,BMW
Audi Q7 4.2,Coimbatore,2016,51002,Diesel,Automatic,First,11.33,4134,7,48.91,Audi
Hyundai i20 2015-2017,Pune,2016,6800,Petrol,Manual,First,18.6,1197,5,7.2,Hyundai
Renault Duster 110PS,Hyderabad,2012,82749,Diesel,Manual,First,19.01,1461,5,5.99,Renault
Hyundai Xcent 1.1,Pune,2016,51000,Diesel,Manual,First,24.4,1120,5,5.25,Hyundai
Ford Ecosport 1.5,Delhi,2014,31465,Diesel,Manual,First,22.7,1498,5,6.5,Ford
Volkswagen Polo Petrol,Hyderabad,2013,76476,Petrol,Manual,First,16.47,1198,5,4.4,Volkswagen
Hyundai Grand i10,Kolkata,2017,14000,Diesel,Manual,First,24,1120,5,4.6,Hyundai
Tata Manza Aqua,Ahmedabad,2013,47000,Diesel,Manual,First,21.12,1248,5,2.95,Tata
Honda City 1.5,Kolkata,2011,48466,Petrol,Manual,First,17,1497,5,3.26,Honda
Hyundai Santro Xing,Bangalore,2008,46000,Petrol,Manual,Second,17.92,1086,5,2.22,Hyundai
Toyota Innova 2.5,Hyderabad,2012,162663,Diesel,Manual,First,12.99,2494,7,10.5,Toyota
Maruti Ciaz 1.3,Coimbatore,2017,25142,Diesel,Manual,First,28.09,1248,5,8.26,Maruti
Toyota Fortuner 4x4,Delhi,2013,69000,Diesel,Manual,First,12.55,2982,7,14.45,Toyota
Ford Fiesta 1.6,Chennai,2009,80524,Petrol,Manual,Second,15.3,1596,5,2.5,Ford
Mercedes-Benz E-Class E,Kochi,2018,26405,Petrol,Automatic,First,12.6,1950,5,51.43,Mercedes-Benz
Mercedes-Benz New C-Class,Chennai,2014,45000,Diesel,Manual,First,15.8,2148,5,23,Mercedes-Benz
Skoda Yeti Ambition,Kolkata,2012,64284,Diesel,Manual,First,17.72,1968,5,5.5,Skoda
Hyundai Grand i10,Delhi,2015,27000,Petrol,Manual,First,18.9,1197,5,4.5,Hyundai
Ford Figo 2015-2019,Hyderabad,2018,3678,Petrol,Manual,First,18.16,1196,5,6.8,Ford
Skoda Octavia Ambition,Mumbai,2013,21000,Petrol,Manual,First,16.8,1395,5,8.75,Skoda
Renault Duster 85PS,Mumbai,2015,67000,Diesel,Manual,Second,19.87,1461,5,7,Renault
Land Rover Range,Delhi,2015,24000,Diesel,Automatic,Second,15.68,1999,5,33.5,Land
Ford Figo Diesel,Chennai,2011,75000,Diesel,Manual,Second,20,1399,5,2.25,Ford
Ford Endeavour Hurricane,Hyderabad,2008,179000,Diesel,Automatic,Second,12.8,2953,7,4.24,Ford
Toyota Fortuner 4x4,Coimbatore,2017,47198,Diesel,Manual,First,12.55,2982,7,28.42,Toyota
Volkswagen Polo Diesel,Kolkata,2012,52000,Diesel,Manual,First,22.07,1199,5,2.75,Volkswagen
Maruti Ritz VDi,Jaipur,2011,91000,Diesel,Manual,First,23.2,1248,5,3,Maruti
Nissan Micra Diesel,Pune,2013,60000,Diesel,Manual,First,23.08,1461,5,3.55,Nissan
Hyundai Verna 1.6,Kolkata,2013,37873,Diesel,Manual,First,22.32,1582,5,4.8,Hyundai
BMW 5 Series,Kolkata,2011,31000,Petrol,Automatic,First,10.8,2497,5,13.5,BMW
Mercedes-Benz GLS 350d,Pune,2017,129000,Diesel,Automatic,First,11,2987,7,56,Mercedes-Benz
Honda CR-V 2.4L,Hyderabad,2004,78000,Petrol,Automatic,First,12,2354,5,3.99,Honda
Hyundai Creta 1.6,Bangalore,2016,32000,Diesel,Automatic,First,17.01,1582,5,15.5,Hyundai
Hyundai i10 Era,Jaipur,2010,59000,Petrol,Manual,Second,19.81,1086,5,2.32,Hyundai
Mercedes-Benz A Class,Kochi,2016,35437,Diesel,Automatic,First,20,2143,5,18.58,Mercedes-Benz
Maruti Ertiga VXI,Jaipur,2014,98000,Petrol,Manual,First,16.02,1373,7,5.5,Maruti
Skoda Octavia Classic,Chennai,2006,72000,Diesel,Manual,Second,18.7,1896,5,3.2,Skoda
Honda Amaze VX,Pune,2015,79000,Petrol,Manual,First,18,1198,5,4,Honda
Maruti Zen LXi,Chennai,2004,29000,Petrol,Manual,First,17.3,993,5,1.6,Maruti
Maruti SX4 ZXI,Kochi,2013,66012,Petrol,Manual,First,15.5,1586,5,4.15,Maruti
Honda Brio VX,Mumbai,2014,35000,Petrol,Automatic,First,16.5,1198,5,4.25,Honda
Maruti Wagon R,Ahmedabad,2011,75000,Petrol,Manual,First,18.9,998,5,2.6,Maruti
Toyota Camry A/T,Mumbai,2008,80000,Petrol,Automatic,Second,12.1,2362,5,3.43,Toyota
Chevrolet Beat LS,Kochi,2012,32717,Petrol,Manual,First,18.6,1199,5,2.55,Chevrolet
Toyota Fortuner 4x4,Delhi,2017,25000,Diesel,Automatic,First,12.55,2982,7,32,Toyota
Ford Ecosport 1.5,Mumbai,2014,79000,Diesel,Manual,First,22.7,1498,5,6.25,Ford
Maruti Swift Vdi,Hyderabad,2010,86000,Diesel,Manual,Second,17.8,1248,5,3.6,Maruti
Mercedes-Benz S Class,Pune,2010,137000,Diesel,Automatic,First,13.5,2987,5,18.5,Mercedes-Benz
Honda Mobilio S,Mumbai,2015,25000,Petrol,Manual,Second,17.3,1497,7,4.25,Honda
Hyundai Grand i10,Mumbai,2017,8500,Petrol,Manual,Second,18.9,1197,5,4.8,Hyundai
Mahindra XUV500 AT,Bangalore,2015,34000,Diesel,Automatic,First,16,2179,7,13,Mahindra
Skoda Fabia 1.6,Pune,2012,41629,Petrol,Manual,Second,14.83,1598,5,2.25,Skoda
Hyundai Santro Xing,Hyderabad,2009,80227,Petrol,Manual,First,17.92,1086,5,2.3,Hyundai
Hyundai Creta 1.6,Kochi,2019,8587,Petrol,Manual,First,15.29,1591,5,13.56,Hyundai
Mahindra Scorpio 1.99,Delhi,2017,30000,Diesel,Manual,First,15.4,1997,7,12.25,Mahindra
Skoda Rapid 1.6,Pune,2013,64186,Diesel,Manual,First,20.5,1598,5,3.76,Skoda
Renault Duster 110PS,Coimbatore,2015,76427,Diesel,Manual,First,19.01,1461,5,8.58,Renault
BMW X5 xDrive,Hyderabad,2011,75000,Diesel,Automatic,First,11.7,2993,5,27.5,BMW
Toyota Etios G,Coimbatore,2013,27075,Petrol,Manual,First,17.6,1496,5,4.95,Toyota
Maruti Wagon R,Ahmedabad,2012,30000,Petrol,Manual,First,22.5,998,5,3.3,Maruti
Hyundai Creta 1.6,Chennai,2016,69434,Petrol,Manual,First,15.8,1591,5,8,Hyundai
Maruti Celerio VXI,Jaipur,2014,56000,Petrol,Manual,First,23.1,998,5,2.79,Maruti
Land Rover Range,Coimbatore,2017,49275,Diesel,Automatic,First,12.7,2179,5,45.64,Land
Chevrolet Beat LT,Pune,2014,8700,Petrol,Manual,First,18.6,1199,5,2.55,Chevrolet
Tata Nano Twist,Ahmedabad,2014,18000,Petrol,Manual,Second,25.4,624,4,1,Tata
Audi A6 2011-2015,Coimbatore,2017,41041,Diesel,Automatic,First,17.68,1968,5,37.56,Audi
Mercedes-Benz E-Class 280,Kochi,2009,80464,Diesel,Automatic,Second,11,2987,5,9.29,Mercedes-Benz
Maruti Swift VXI,Kochi,2019,20667,Petrol,Manual,First,22,1197,5,6.37,Maruti
Fiat Linea T,Coimbatore,2013,60283,Petrol,Manual,First,14.6,1368,5,2.98,Fiat
Maruti Swift VXI,Kochi,2017,31696,Petrol,Manual,First,20.4,1197,5,5.75,Maruti
Toyota Fortuner 3.0,Hyderabad,2010,100000,Diesel,Manual,First,11.5,2982,7,13,Toyota
Maruti Ertiga ZXI,Mumbai,2014,13361,Petrol,Manual,First,16.02,1373,7,6.8,Maruti
BMW 3 Series,Coimbatore,2010,48394,Petrol,Automatic,First,12.05,1995,5,10.49,BMW
Maruti Ertiga VXI,Jaipur,2014,47399,Petrol,Manual,First,16.02,1373,7,5.6,Maruti
Honda City 1.5,Mumbai,2010,69000,Petrol,Automatic,Second,16.8,1497,5,2.85,Honda
Hyundai Santa Fe,Coimbatore,2013,65278,Diesel,Manual,First,14.66,2199,7,8.36,Hyundai
Tata Indigo LS,Jaipur,2005,108000,Diesel,Manual,First,17,1405,5,1,Tata
Mercedes-Benz E-Class 2009-2013,Kolkata,2010,50645,Petrol,Automatic,Second,10.93,2497,5,10.75,Mercedes-Benz
Maruti Swift Dzire,Hyderabad,2011,130002,Diesel,Manual,First,19.3,1248,5,3.85,Maruti
Ford Fiesta Classic,Hyderabad,2012,107000,Diesel,Manual,First,17.8,1399,5,3,Ford
Honda City i,Coimbatore,2015,41950,Petrol,Automatic,First,18,1497,5,9.6,Honda
Toyota Fortuner 4x2,Delhi,2012,109000,Diesel,Manual,First,13,2982,7,13.25,Toyota
Honda Amaze VX,Mumbai,2016,9000,Petrol,Manual,First,18,1198,5,5.75,Honda
Hyundai i20 Asta,Delhi,2014,43900,Diesel,Manual,First,22.54,1396,5,6.75,Hyundai
Chevrolet Enjoy TCDi,Bangalore,2013,64000,Diesel,Manual,Second,18.2,1248,7,4.85,Chevrolet
Mercedes-Benz New C-Class,Kochi,2019,13190,Petrol,Automatic,First,0,1950,5,38.99,Mercedes-Benz
Maruti SX4 ZXI,Mumbai,2009,77652,Petrol,Automatic,First,12.6,1586,5,2.85,Maruti
Toyota Innova 2.5,Mumbai,2012,55000,Diesel,Manual,First,12.99,2494,7,9.51,Toyota
BMW 5 Series,Ahmedabad,2012,59900,Diesel,Automatic,Second,18.48,1995,5,18.5,BMW
Renault Duster 110PS,Delhi,2015,73539,Diesel,Manual,First,19.01,1461,5,6.75,Renault
BMW X1 sDrive,Coimbatore,2017,31645,Diesel,Automatic,First,20.68,1995,5,29.4,BMW
Honda City ZX,Kochi,2009,69690,Petrol,Manual,First,17.7,1497,5,3.29,Honda
Maruti Ciaz RS,Delhi,2016,41000,Diesel,Manual,First,28.09,1248,5,9.5,Maruti
Maruti Swift Dzire,Pune,2010,109200,Petrol,Manual,Second,17.5,1298,5,2.2,Maruti
Mahindra XUV500 W6,Pune,2012,80000,Diesel,Manual,First,15.1,2179,7,6.5,Mahindra
Honda Civic 2006-2010,Ahmedabad,2007,51000,Petrol,Manual,First,13.5,1799,5,4.9,Honda
Maruti Ertiga ZDI,Pune,2013,105000,Diesel,Manual,Second,25.47,1248,7,6.75,Maruti
Toyota Etios Liva,Chennai,2013,179000,Diesel,Manual,First,23.59,1364,5,3.8,Toyota
Audi TT 2.0,Delhi,2013,12100,Petrol,Automatic,First,9.9,1984,2,29.5,Audi
Skoda Rapid 1.5,Hyderabad,2017,31000,Diesel,Manual,First,21.13,1498,5,10.5,Skoda
Volkswagen Polo 1.5,Hyderabad,2015,50000,Diesel,Manual,First,20.14,1498,5,6.2,Volkswagen
Skoda Laura 1.9,Jaipur,2009,48000,Diesel,Automatic,First,17,1896,5,5,Skoda
Mahindra Renault Logan,Chennai,2007,35000,Diesel,Manual,First,19.2,1461,5,2.3,Mahindra
Toyota Innova Crysta,Ahmedabad,2016,100200,Diesel,Automatic,First,11.36,2755,7,17,Toyota
BMW 3 Series,Bangalore,2014,47000,Diesel,Automatic,First,18.88,1995,5,25.5,BMW
Honda Jazz 1.5,Jaipur,2015,63642,Diesel,Manual,First,27.3,1498,5,5.65,Honda
Honda Amaze VX,Kochi,2015,62550,Diesel,Manual,First,25.8,1498,5,5.6,Honda
Jaguar XF 2.2,Kochi,2015,37340,Diesel,Automatic,First,16.36,2179,5,29.98,Jaguar
Maruti Swift Dzire,Coimbatore,2016,38461,Diesel,Manual,First,26.59,1248,5,7.39,Maruti
Jeep Compass 2.0,Jaipur,2018,29000,Diesel,Manual,First,17.1,1956,5,19,Jeep
Toyota Corolla Altis,Pune,2010,31000,Petrol,Manual,First,12.5,1794,5,5,Toyota
Honda City 1.5,Kolkata,2011,42086,Petrol,Manual,First,17,1497,5,3.35,Honda
Maruti Swift ZXI,Chennai,2013,49000,Petrol,Manual,First,18.6,1197,5,4.45,Maruti
Hyundai Verna 1.6,Coimbatore,2019,77240,Diesel,Automatic,First,22.32,1582,5,8.31,Hyundai
Mahindra Bolero ZLX,Jaipur,2012,105000,Diesel,Manual,Second,15.96,2523,7,6,Mahindra
Maruti Swift VDI,Chennai,2014,35000,Diesel,Manual,First,22.9,1248,5,5.25,Maruti
Hyundai Santro Xing,Chennai,2006,83072,Petrol,Manual,First,17,1086,5,1.4,Hyundai
Audi A6 2011-2015,Hyderabad,2012,202082,Diesel,Automatic,First,17.68,1968,5,12.3,Audi
Ford Ikon 1.3,Chennai,2004,129000,Petrol,Manual,Third,13.8,1299,5,1.5,Ford
Volkswagen Polo 1.5,Coimbatore,2018,33558,Diesel,Manual,First,20.14,1498,5,8.12,Volkswagen
Mahindra Bolero VLX,Coimbatore,2012,60271,Diesel,Manual,First,13.6,2523,7,6.12,Mahindra
Honda City i,Coimbatore,2017,45366,Diesel,Manual,First,25.1,1498,5,10.88,Honda
Chevrolet Sail Hatchback,Kolkata,2014,9500,Petrol,Manual,First,18.2,1199,5,3.5,Chevrolet
Hyundai i20 1.2,Kochi,2016,42362,Petrol,Manual,First,18.6,1197,5,6.15,Hyundai
BMW X1 sDrive,Chennai,2016,21000,Diesel,Automatic,First,17.05,1995,5,33,BMW
BMW X1 sDrive,Mumbai,2012,15200,Diesel,Automatic,First,15.06,1995,5,13.5,BMW
Toyota Fortuner 4x2,Mumbai,2015,43690,Diesel,Automatic,First,12.55,2982,7,17.11,Toyota
Audi Q7 4.2,Kochi,2014,79926,Diesel,Automatic,First,11.33,4134,7,29.77,Audi
Maruti Ertiga VDI,Kolkata,2013,53073,Diesel,Manual,First,20.77,1248,7,5.95,Maruti
Hyundai i20 1.2,Bangalore,2015,59000,Petrol,Manual,First,18.5,1197,5,5.75,Hyundai
Mercedes-Benz S Class,Bangalore,2006,47088,Petrol,Automatic,Second,10.13,3498,5,19,Mercedes-Benz
Renault Duster 85PS,Ahmedabad,2014,55000,Diesel,Manual,First,20.45,1461,5,4.75,Renault
Mahindra Quanto C2,Hyderabad,2013,80430,Diesel,Manual,Second,17.21,1493,7,3.3,Mahindra
Toyota Fortuner 4x2,Delhi,2013,71932,Diesel,Automatic,First,12.55,2982,7,16.5,Toyota
BMW X5 2014-2019,Mumbai,2014,19000,Diesel,Automatic,First,15.97,2993,7,44,BMW
Maruti Swift Dzire,Hyderabad,2011,81759,Diesel,Manual,First,19.3,1248,5,4.39,Maruti
Maruti Swift LDI,Kochi,2018,52010,Diesel,Manual,First,25.2,1248,5,6.2,Maruti
Audi A6 2011-2015,Kochi,2016,58953,Petrol,Automatic,First,13.53,1984,5,24.22,Audi
Mitsubishi Pajero 2.8,Mumbai,2008,93000,Diesel,Manual,Third,10.5,2835,6,5.45,Mitsubishi
Jaguar XF 2.2,Delhi,2016,10000,Diesel,Automatic,First,16.36,2179,5,44,Jaguar
Toyota Innova Crysta,Coimbatore,2019,40674,Diesel,Automatic,First,11.36,2755,7,24.82,Toyota
Skoda Octavia Ambition,Mumbai,2015,50000,Diesel,Automatic,First,19.3,1968,5,11.69,Skoda
Toyota Corolla Altis,Bangalore,2018,1331,Petrol,Automatic,First,14.28,1798,5,20,Toyota
Maruti Omni 8,Pune,2010,60000,Petrol,Manual,First,19.7,796,8,1.45,Maruti
Mercedes-Benz GLC 220d,Mumbai,2018,10003,Diesel,Automatic,First,17.9,2143,5,48.5,Mercedes-Benz
Volkswagen Vento 1.5,Mumbai,2016,25000,Diesel,Automatic,First,21.5,1498,5,9.45,Volkswagen
Mahindra XUV500 W10,Ahmedabad,2015,73000,Diesel,Manual,First,16,2179,7,12.5,Mahindra
Nissan Terrano XL,Hyderabad,2014,59962,Diesel,Manual,First,20.45,1461,5,6.9,Nissan
Hyundai Verna 1.6,Jaipur,2012,72000,Diesel,Manual,Second,22.32,1582,5,5.8,Hyundai
BMW 5 Series,Coimbatore,2016,20967,Diesel,Automatic,First,14.69,2993,5,44.56,BMW
Mahindra Scorpio S4,Bangalore,2015,35000,Diesel,Manual,Second,15.4,2179,7,8.5,Mahindra
Hyundai Verna 1.6,Coimbatore,2017,38056,Diesel,Manual,First,23.9,1582,5,10.7,Hyundai
Audi Q7 3.0,Pune,2009,94000,Diesel,Automatic,Second,12.07,2967,7,12,Audi
Chevrolet Aveo U-VA,Coimbatore,2010,64236,Petrol,Manual,First,14.7,1150,5,2.44,Chevrolet
Mahindra Bolero ZLX,Kolkata,2000,124000,Diesel,Manual,First,13.6,2523,7,1.95,Mahindra
Hyundai Xcent 1.2,Mumbai,2014,7400,Petrol,Manual,First,19.1,1197,5,4.35,Hyundai
Toyota Innova Crysta,Hyderabad,2017,52000,Diesel,Manual,First,13.68,2393,8,17.5,Toyota
Hyundai EON Era,Hyderabad,2015,68764,Petrol,Manual,First,21.1,814,5,2.9,Hyundai
Volkswagen Polo Diesel,Delhi,2013,64000,Diesel,Manual,First,22.07,1199,5,2.9,Volkswagen
Maruti Vitara Brezza,Pune,2016,21558,Diesel,Manual,First,24.3,1248,5,8.9,Maruti
BMW 3 Series,Mumbai,2013,37500,Diesel,Automatic,First,18.88,1995,5,16.75,BMW
Hyundai EON Sportz,Coimbatore,2016,14077,Petrol,Manual,First,21.1,814,5,3.95,Hyundai
Honda City 1.5,Mumbai,2009,70000,Petrol,Manual,First,17,1497,5,2.1,Honda
Honda Accord 2.4,Kochi,2011,54316,Petrol,Manual,Second,12.8,2354,5,4.29,Honda
Mahindra Xylo E8,Hyderabad,2009,90764,Diesel,Manual,First,14,2498,8,3.85,Mahindra
BMW 3 Series,Chennai,2009,137000,Diesel,Automatic,Second,13.2,1995,5,9,BMW
Honda City V,Pune,2013,127000,Petrol,Manual,Second,16.8,1497,5,4.5,Honda
Mahindra XUV500 W10,Kochi,2016,51884,Diesel,Manual,First,16,2179,7,12.46,Mahindra
Hyundai i20 Asta,Delhi,2014,67407,Diesel,Manual,First,21.27,1396,5,4.65,Hyundai
Toyota Fortuner 4x2,Hyderabad,2014,107825,Diesel,Manual,First,13,2982,7,20.5,Toyota
Mahindra Bolero DI,Chennai,2006,82453,Diesel,Manual,First,13.6,2523,8,2.9,Mahindra
Maruti Esteem Vxi,Chennai,2007,30441,Petrol,Manual,First,15.9,1298,5,1.45,Maruti
Hyundai Santro LS,Chennai,2002,70000,Petrol,Manual,Third,0,1086,5,0.65,Hyundai
Mini Cooper 5,Mumbai,2016,11000,Diesel,Automatic,First,20.7,1496,5,29.5,Mini
Audi Q3 35,Hyderabad,2015,61000,Diesel,Automatic,First,15.73,1968,5,25,Audi
Hyundai i20 Sportz,Delhi,2013,48454,Petrol,Manual,Second,17,1197,5,3.5,Hyundai
Tata Safari Storme,Jaipur,2017,37000,Diesel,Manual,First,14.1,2179,7,11.25,Tata
Honda BR-V i-DTEC,Kochi,2017,32249,Diesel,Manual,First,21.9,1498,7,10.79,Honda
Volkswagen Jetta 2013-2015,Kolkata,2013,58000,Diesel,Manual,First,19.33,1968,5,5.9,Volkswagen
Hyundai Xcent 1.2,Jaipur,2017,28360,Petrol,Manual,First,19.1,1197,5,5.12,Hyundai
Maruti Ignis 1.2,Mumbai,2017,7000,Petrol,Manual,First,20.89,1197,5,5.7,Maruti
BMW 5 Series,Coimbatore,2016,19658,Diesel,Automatic,First,18.12,1995,5,35.84,BMW
Ford Ikon 1.3,Hyderabad,2007,92000,Petrol,Manual,First,13.8,1299,5,1.25,Ford
Hyundai i10 Sportz,Kolkata,2013,25000,Petrol,Manual,First,20.36,1197,5,2.65,Hyundai
Hyundai Verna 1.6,Coimbatore,2016,37882,Diesel,Manual,First,22.32,1582,5,9.19,Hyundai
BMW 3 Series,Bangalore,2014,69330,Diesel,Automatic,First,16.07,1995,5,23.5,BMW
Mercedes-Benz E-Class 2009-2013,Delhi,2011,61000,Petrol,Automatic,First,12.3,1796,5,12.5,Mercedes-Benz
Chevrolet Beat Option,Kolkata,2010,35000,Petrol,Manual,Second,18.6,1199,5,1.5,Chevrolet
Hyundai Santro Xing,Jaipur,2004,200000,Petrol,Manual,First,0,1086,5,0.8,Hyundai
Tata Indica DLS,Jaipur,2009,82000,Diesel,Manual,Second,13.5,1405,5,0.75,Tata
Mahindra XUV500 W8,Delhi,2012,72450,Diesel,Manual,First,15.1,2179,7,8.1,Mahindra
Maruti Ciaz ZDi,Jaipur,2017,36381,Diesel,Manual,First,28.09,1248,5,9.75,Maruti
Mercedes-Benz New C-Class,Coimbatore,2017,25559,Diesel,Automatic,First,19.71,2143,5,37.93,Mercedes-Benz
Honda City ZX,Chennai,2005,100000,Petrol,Automatic,Third,16.4,1497,5,1.96,Honda
Toyota Fortuner 4x2,Jaipur,2015,94000,Diesel,Automatic,First,11.5,2982,7,20.5,Toyota
Maruti Alto K10,Bangalore,2011,64357,Petrol,Manual,First,24.07,998,5,2.75,Maruti
Jaguar XJ 2.0L,Mumbai,2017,10501,Petrol,Automatic,First,9.43,1999,5,75,Jaguar
Hyundai i20 1.4,Chennai,2009,47000,Diesel,Manual,First,21.9,1396,5,2.8,Hyundai
Honda BRV i-VTEC,Mumbai,2017,18000,Petrol,Automatic,First,16,1497,7,9.25,Honda
Toyota Corolla Executive,Chennai,2007,89000,Petrol,Manual,First,13.4,1794,5,3,Toyota
Audi A6 2011-2015,Coimbatore,2014,49964,Diesel,Automatic,First,17.68,1968,5,23.89,Audi
Toyota Innova 2.5,Mumbai,2014,35000,Diesel,Manual,First,12.99,2494,7,12.75,Toyota
Hyundai Grand i10,Jaipur,2014,64000,Diesel,Manual,First,24,1120,5,4.15,Hyundai
Volkswagen Vento IPL,Mumbai,2013,36000,Petrol,Automatic,First,14.8,1598,5,4.65,Volkswagen
Toyota Innova 2.5,Delhi,2012,78600,Diesel,Manual,First,12.8,2494,7,8.9,Toyota
Hyundai Verna CRDi,Jaipur,2008,170000,Diesel,Manual,Second,16.8,1493,5,1.5,Hyundai
Maruti Ritz VDi,Pune,2015,65000,Diesel,Manual,Second,23.2,1248,5,3.27,Maruti
Audi Q7 3.0,Pune,2008,120300,Diesel,Automatic,Second,12.07,2967,7,18,Audi
Hyundai i20 Asta,Pune,2016,21000,Petrol,Manual,First,18.6,1197,5,6.3,Hyundai
Maruti Vitara Brezza,Coimbatore,2017,18108,Diesel,Manual,First,24.3,1248,5,11.31,Maruti
Honda City i,Pune,2014,58407,Petrol,Manual,First,17.4,1497,5,6.16,Honda
Maruti Ciaz ZXi,Pune,2014,49500,Petrol,Manual,First,20.73,1373,5,6,Maruti
Nissan Sunny XV,Kochi,2013,37199,Petrol,Automatic,First,17.5,1498,5,5.43,Nissan
Volkswagen Polo Diesel,Hyderabad,2012,62000,Diesel,Manual,First,22.07,1199,5,4.65,Volkswagen
Maruti Ertiga ZDI,Hyderabad,2015,59000,Diesel,Manual,First,20.77,1248,7,7.5,Maruti
Maruti Swift Dzire,Jaipur,2015,60000,Diesel,Manual,First,26.59,1248,5,6.25,Maruti
Mercedes-Benz New C-Class,Bangalore,2007,39037,Diesel,Automatic,First,14.84,2143,5,9.25,Mercedes-Benz
Honda Brio S,Mumbai,2013,17003,Petrol,Manual,First,19.4,1198,5,3.15,Honda
Hyundai i10 Magna,Hyderabad,2008,80400,Petrol,Manual,First,16,1086,5,2.3,Hyundai
Hyundai Verna 1.6,Jaipur,2012,75200,Diesel,Manual,First,22.32,1582,5,5.25,Hyundai
Maruti Ciaz VDI,Kochi,2017,41217,Diesel,Manual,First,28.09,1248,5,7.4,Maruti
Ford Ikon 1.3,Pune,2006,98293,Petrol,Manual,Second,13.8,1299,5,1.55,Ford
Volkswagen Polo 1.2,Pune,2017,54000,Petrol,Manual,Second,16.2,1199,5,6,Volkswagen
Honda Jazz 1.2,Chennai,2016,17377,Petrol,Manual,First,18.7,1199,5,5.9,Honda
Honda Amaze EX,Bangalore,2013,33800,Diesel,Manual,Second,25.8,1498,5,4.7,Honda
Hyundai i20 Asta,Hyderabad,2015,86157,Diesel,Manual,First,22.54,1396,5,6.5,Hyundai
Maruti Ritz VDi,Hyderabad,2012,146824,Diesel,Manual,First,21.1,1248,5,3.55,Maruti
Honda City V,Chennai,2014,55000,Petrol,Manual,First,16.8,1497,5,7.1,Honda
Skoda Superb 1.8,Hyderabad,2010,53293,Petrol,Manual,First,13.14,1798,5,6,Skoda
Maruti Vitara Brezza,Pune,2017,38000,Diesel,Manual,First,24.3,1248,5,7.99,Maruti
Hyundai i20 Asta,Bangalore,2009,64000,Petrol,Manual,Second,17,1197,5,4.1,Hyundai
Maruti Alto K10,Hyderabad,2017,25058,Petrol,Automatic,First,24.07,998,5,3.95,Maruti
Hyundai EON Era,Kochi,2016,36700,Petrol,Manual,First,21.1,814,5,4.38,Hyundai
Hyundai i10 Sportz,Mumbai,2011,35000,Petrol,Manual,First,20.36,1197,5,2.75,Hyundai
Mercedes-Benz SLK-Class SLK,Coimbatore,2016,22732,Petrol,Automatic,First,18.1,3498,2,55.54,Mercedes-Benz
Audi A6 2.0,Hyderabad,2014,48000,Diesel,Automatic,First,18.53,1968,5,29,Audi
Ford EcoSport 1.5,Bangalore,2013,62084,Diesel,Manual,First,22.77,1498,5,6.6,Ford
Volkswagen Passat Highline,Kolkata,2012,39273,Diesel,Automatic,First,14.3,1968,5,6.99,Volkswagen
Toyota Innova Crysta,Bangalore,2017,64798,Diesel,Manual,First,13.68,2393,7,18.75,Toyota
Ford Figo Diesel,Jaipur,2010,100002,Diesel,Manual,Third,20,1399,5,1.28,Ford
Chevrolet Aveo 1.4,Pune,2006,78000,Petrol,Manual,Third,14.49,1399,5,1.2,Chevrolet
Maruti Ritz LXi,Coimbatore,2013,57717,Petrol,Manual,First,18.5,1197,5,4.31,Maruti
Land Rover Freelander,Chennai,2011,109000,Diesel,Automatic,First,12.39,2179,5,16.5,Land
Hyundai Grand i10,Coimbatore,2017,74515,Petrol,Manual,First,18.9,1197,5,5.64,Hyundai
Ford Endeavour 3.2,Coimbatore,2017,50484,Diesel,Automatic,First,10.91,3198,7,31.12,Ford
Audi Q5 2008-2012,Kochi,2013,13452,Diesel,Automatic,First,12.8,1968,5,25.46,Audi
Hyundai Verna 1.6,Kochi,2017,37688,Petrol,Manual,First,17.01,1591,5,7.88,Hyundai
Mercedes-Benz E-Class 2015-2017,Chennai,2017,34000,Diesel,Automatic,First,13,2143,5,36,Mercedes-Benz
Mercedes-Benz M-Class ML,Pune,2014,120000,Diesel,Automatic,First,0,2987,5,30,Mercedes-Benz
Maruti Swift Dzire,Pune,2008,64000,Petrol,Manual,Second,17.5,1298,5,2.85,Maruti
Honda City 1.3,Delhi,2011,100000,Petrol,Manual,First,13,1343,5,3.5,Honda
Renault Duster 85PS,Jaipur,2014,75000,Diesel,Manual,First,20.46,1461,5,7.5,Renault
Mercedes-Benz New C-Class,Hyderabad,2012,86000,Diesel,Automatic,First,14.84,2143,5,19,Mercedes-Benz
BMW X5 xDrive,Hyderabad,2015,69000,Diesel,Automatic,First,15.97,2993,5,54,BMW
Hyundai Xcent 1.2,Kochi,2015,41721,Petrol,Manual,First,19.1,1197,5,4.7,Hyundai
Maruti Dzire AMT,Hyderabad,2017,13000,Petrol,Automatic,First,22,1197,5,8.5,Maruti
BMW 3 Series,Kolkata,2013,38998,Diesel,Automatic,First,16.07,1995,4,17,BMW
Maruti Alto 800,Kochi,2017,54250,Petrol,Manual,First,22.74,796,5,3.51,Maruti
Audi A4 2.0,Bangalore,2013,45979,Diesel,Automatic,Second,17.11,1968,5,19.5,Audi
Mini Cooper S,Pune,2012,37000,Petrol,Automatic,Second,13.6,1598,4,17,Mini
Audi Q7 3.0,Coimbatore,2015,46983,Diesel,Automatic,Second,12.07,2967,7,43.35,Audi
Chevrolet Beat Diesel,Bangalore,2012,40700,Diesel,Manual,First,25.44,936,5,2.65,Chevrolet
Maruti Wagon R,Kochi,2015,43828,Petrol,Manual,First,20.51,998,5,3.52,Maruti
Nissan Terrano XV,Kolkata,2016,53000,Diesel,Manual,First,19.01,1461,5,6.25,Nissan
BMW 3 Series,Ahmedabad,2015,100000,Diesel,Automatic,First,18.88,1995,5,24.75,BMW
Maruti Swift Dzire,Mumbai,2015,19000,Petrol,Manual,First,20.85,1197,5,5.25,Maruti
Skoda Yeti Elegance,Jaipur,2016,84000,Diesel,Manual,First,17.72,1968,5,11,Skoda
Ford EcoSport 1.5,Kochi,2018,37630,Petrol,Automatic,First,15.63,1499,5,9.1,Ford
Hyundai i20 1.2,Chennai,2010,67714,Petrol,Manual,First,18.5,1197,5,3.25,Hyundai
Maruti S Cross,Pune,2017,32000,Diesel,Manual,First,15,1248,5,8.5,Maruti
Hyundai Verna Transform,Pune,2010,51000,Petrol,Manual,First,16.2,1599,5,3.1,Hyundai
BMW 3 Series,Kochi,2015,58390,Diesel,Automatic,First,18.88,1995,5,19.86,BMW
Hyundai Grand i10,Kolkata,2017,14000,Diesel,Manual,First,24,1186,5,4.9,Hyundai
Honda City i-VTEC,Delhi,2014,55818,Petrol,Manual,Second,17.4,1497,5,5.7,Honda
Maruti Swift VDI,Kolkata,2012,52241,Diesel,Manual,First,25.2,1248,5,2.9,Maruti
Maruti Baleno Zeta,Coimbatore,2018,25433,Diesel,Manual,First,27.39,1248,5,7.83,Maruti
Tata Safari Storme,Kochi,2015,40611,Diesel,Manual,First,14,2179,7,8.15,Tata
Hyundai Accent GLS,Bangalore,2008,72000,Petrol,Manual,Second,13.2,1495,5,2,Hyundai
Maruti Swift LDI,Hyderabad,2016,54631,Diesel,Manual,First,25.2,1248,5,6.25,Maruti
Maruti Swift VDI,Bangalore,2007,60000,Diesel,Manual,Second,17.8,1248,5,3.4,Maruti
Tata Nano XTA,Coimbatore,2016,24941,Petrol,Automatic,First,21.9,624,4,3.19,Tata
Maruti Ertiga VDI,Ahmedabad,2017,63939,Diesel,Manual,First,25.47,1248,7,7.75,Maruti
Maruti Celerio VXI,Delhi,2014,35214,Petrol,Automatic,Second,23.1,998,5,3.2,Maruti
Maruti Swift VDI,Delhi,2015,63000,Diesel,Manual,First,25.2,1248,5,4.9,Maruti
Volkswagen Vento Petrol,Kochi,2012,121377,Petrol,Manual,First,15.04,1598,5,3.8,Volkswagen
Volkswagen Jetta 2007-2011,Chennai,2009,100970,Diesel,Automatic,First,15.5,1896,5,4,Volkswagen
Mini Cooper 5,Hyderabad,2014,60000,Diesel,Automatic,Second,20.7,1496,5,23.5,Mini
Tata Indica V2,Chennai,2008,77650,Diesel,Manual,First,17.2,1396,5,1.15,Tata
Hyundai Santro Xing,Hyderabad,2007,71297,Petrol,Manual,First,17,1086,5,2.2,Hyundai
Honda City i-VTEC,Bangalore,2015,18955,Petrol,Automatic,First,18,1497,5,10.65,Honda
Jaguar XF 2.2,Coimbatore,2016,47877,Diesel,Automatic,First,16.36,2179,5,35.68,Jaguar
Mercedes-Benz E-Class 2015-2017,Kochi,2017,43368,Diesel,Automatic,First,15,2143,5,31.94,Mercedes-Benz
Chevrolet Cruze LTZ,Chennai,2011,73000,Diesel,Manual,Third,18.3,1991,5,4.2,Chevrolet
Mahindra XUV500 W8,Ahmedabad,2015,72007,Diesel,Manual,First,15.1,2179,7,9.9,Mahindra
Mercedes-Benz New C-Class,Kochi,2014,56778,Petrol,Automatic,First,11.74,1796,5,15.46,Mercedes-Benz
Honda Jazz VX,Kochi,2018,20024,Petrol,Manual,First,18.2,1199,5,8.46,Honda
Toyota Etios G,Kolkata,2013,42103,Petrol,Manual,First,16.78,1496,5,3.25,Toyota
Maruti Alto LXi,Hyderabad,2012,67147,Petrol,Manual,First,19.7,796,5,2.6,Maruti
Maruti Swift VXI,Coimbatore,2016,37806,Petrol,Manual,First,20.4,1197,5,5.2,Maruti
Maruti A-Star Vxi,Pune,2009,85000,Petrol,Manual,Third,19,998,5,1.8,Maruti
Tata Nano Lx,Chennai,2011,35000,Petrol,Manual,First,25.4,624,4,1.6,Tata
Ford Figo Titanium,Kolkata,2015,72035,Diesel,Manual,First,25.5,1498,5,2.5,Ford
Fiat Linea Emotion,Jaipur,2011,48500,Petrol,Manual,First,16,1368,5,2.5,Fiat
Ford Figo Aspire,Coimbatore,2017,28854,Petrol,Manual,First,18.16,1196,5,6.7,Ford
Maruti Baleno LXI,Hyderabad,2005,92450,Petrol,Manual,First,15.4,1590,5,1.2,Maruti
BMW 3 Series,Coimbatore,2016,14351,Diesel,Automatic,First,18.88,1995,5,35.55,BMW
Chevrolet Cruze LTZ,Jaipur,2017,51087,Diesel,Manual,First,17.9,1998,5,7.75,Chevrolet
Mahindra Scorpio 2.6,Chennai,2005,50000,Diesel,Manual,First,12.7,2609,8,1.94,Mahindra
Tata Indica V2,Hyderabad,2016,73000,Diesel,Manual,First,25,1396,5,2.2,Tata
Chevrolet Cruze LTZ,Ahmedabad,2011,60000,Diesel,Automatic,First,18.1,1991,4,3.8,Chevrolet
Toyota Innova 2.5,Chennai,2016,50000,Diesel,Manual,First,12.8,2494,8,15.65,Toyota
Mercedes-Benz New C-Class,Coimbatore,2018,36797,Diesel,Automatic,First,19.27,2143,5,39.47,Mercedes-Benz
Maruti Ritz VXi,Kolkata,2011,50000,Petrol,Manual,Second,18.5,1197,5,1.5,Maruti
Toyota Innova 2.5,Ahmedabad,2013,94000,Diesel,Manual,First,12.8,2494,8,8.85,Toyota
Toyota Fortuner 4x4,Bangalore,2013,74000,Diesel,Manual,Second,12.55,2982,7,17.9,Toyota
Hyundai i10 Sportz,Coimbatore,2014,41016,Petrol,Automatic,Second,16.95,1197,5,5.08,Hyundai
Hyundai Verna 1.6,Bangalore,2012,67000,Diesel,Manual,First,22.32,1582,5,6.25,Hyundai
Audi Q3 2012-2015,Bangalore,2015,76927,Diesel,Automatic,First,15.73,1968,5,22.75,Audi
Chevrolet Beat LS,Kolkata,2010,17088,Petrol,Manual,First,18.6,1199,5,1.46,Chevrolet
Ford Fiesta 1.4,Pune,2007,112808,Diesel,Manual,Second,17.8,1399,5,2.05,Ford
Ford Figo Diesel,Coimbatore,2014,74980,Diesel,Manual,First,20,1399,5,4.08,Ford
Maruti Celerio VXI,Hyderabad,2014,44600,Petrol,Automatic,First,23.1,998,5,4.55,Maruti
Mercedes-Benz A Class,Mumbai,2013,37000,Diesel,Automatic,First,20,2143,5,14,Mercedes-Benz
Hyundai Creta 1.6,Ahmedabad,2016,21000,Petrol,Manual,First,15.8,1591,5,10.9,Hyundai
Maruti Wagon R,Bangalore,2010,81245,Petrol,Manual,First,18.9,998,5,2.45,Maruti
Mercedes-Benz E-Class 2009-2013,Delhi,2013,70000,Diesel,Automatic,First,10,2148,5,15.8,Mercedes-Benz
Ford EcoSport 1.5,Mumbai,2017,4018,Petrol,Manual,First,18.88,1499,5,8.25,Ford
Renault Koleos 2.0,Delhi,2013,70000,Diesel,Automatic,Second,13.73,1995,5,8.5,Renault
Mahindra XUV500 W10,Coimbatore,2016,56532,Diesel,Manual,First,16,2179,7,15.54,Mahindra
Maruti Omni E,Hyderabad,2013,26875,Petrol,Manual,First,16.8,796,8,2.35,Maruti
Maruti Wagon R,Coimbatore,2015,72599,Petrol,Manual,First,22.5,998,5,4.32,Maruti
Ford Endeavour XLT,Jaipur,2008,205000,Diesel,Manual,Second,13.1,2499,7,3.9,Ford
Hyundai Verna 1.6,Hyderabad,2011,98000,Diesel,Manual,Second,22.32,1582,5,5.2,Hyundai
Hyundai i20 Magna,Mumbai,2018,19500,Petrol,Manual,First,18.6,1197,5,5.85,Hyundai
Maruti Ertiga ZXI,Bangalore,2013,68000,Petrol,Manual,Second,16.02,1373,7,6.25,Maruti
Mahindra XUV500 W9,Coimbatore,2019,19654,Diesel,Automatic,First,14,2179,7,17.63,Mahindra
Maruti SX4 S,Mumbai,2017,26000,Diesel,Manual,First,23.65,1248,5,9.75,Maruti
Mercedes-Benz SLK-Class SLK,Bangalore,2015,10000,Petrol,Automatic,First,18.1,3498,2,55,Mercedes-Benz
Volkswagen Polo Diesel,Hyderabad,2011,75020,Diesel,Manual,First,22.07,1199,5,4.1,Volkswagen
Toyota Fortuner 4x4,Hyderabad,2011,157000,Diesel,Manual,First,12.55,2982,7,11.99,Toyota
Mahindra XUV500 W10,Kochi,2017,43773,Diesel,Manual,First,16,2179,7,13.54,Mahindra
Mercedes-Benz GLE 250d,Mumbai,2016,21000,Diesel,Automatic,First,17.9,2143,5,56,Mercedes-Benz
Honda Jazz 1.2,Chennai,2016,23280,Petrol,Manual,First,18.7,1199,5,6.5,Honda
Maruti Swift Dzire,Pune,2013,88000,Diesel,Manual,First,23.4,1248,5,4.75,Maruti
Hyundai Verna 1.6,Hyderabad,2014,67000,Petrol,Manual,First,17.01,1591,5,5.6,Hyundai
Ford Endeavour 3.2,Coimbatore,2017,59636,Diesel,Automatic,First,10.91,3198,7,29.2,Ford
Hyundai i20 1.2,Kolkata,2018,11000,Petrol,Manual,First,18.6,1197,5,6.35,Hyundai
Honda City 1.5,Mumbai,2013,60669,Petrol,Manual,First,16.8,1497,5,4.95,Honda
Honda Amaze VX,Hyderabad,2018,12000,Diesel,Manual,First,27.4,1498,5,8.5,Honda
Hyundai Verna 1.6,Kolkata,2013,35000,Petrol,Manual,First,17.1,1591,5,4.5,Hyundai
Honda Mobilio S,Chennai,2015,65000,Diesel,Manual,First,24.2,1498,7,5.5,Honda
Maruti Ertiga ZDI,Kochi,2013,39929,Diesel,Manual,First,20.77,1248,7,6.56,Maruti
Maruti Alto K10,Pune,2014,49000,Petrol,Manual,First,24.07,998,5,2.3,Maruti
Toyota Qualis FS,Pune,2004,77757,Diesel,Manual,Second,13.1,2446,10,3.5,Toyota
Hyundai i10 Sportz,Kochi,2016,21456,Petrol,Manual,First,20.36,1197,5,4.55,Hyundai
Skoda Laura 1.9,Bangalore,2009,74000,Diesel,Automatic,Second,17,1896,5,7.75,Skoda
Hyundai i20 Asta,Mumbai,2015,37000,Petrol,Manual,Second,18.6,1197,5,5.25,Hyundai
BMW 5 Series,Coimbatore,2013,108640,Diesel,Automatic,First,11.5,2993,5,23.29,BMW
BMW 3 Series,Mumbai,2016,38000,Diesel,Automatic,First,22.69,1995,5,23.99,BMW
Chevrolet Aveo 1.4,Pune,2010,80000,Petrol,Manual,First,14.49,1399,5,1.79,Chevrolet
Mercedes-Benz E-Class 2009-2013,Mumbai,2011,47000,Diesel,Automatic,Second,14.21,2143,5,13.9,Mercedes-Benz
Audi A6 2011-2015,Kolkata,2013,31000,Diesel,Automatic,First,17.68,1968,5,18.95,Audi
Maruti Wagon R,Kolkata,2014,40000,Petrol,Manual,First,20.51,998,5,2.49,Maruti
Renault KWID RXT,Jaipur,2016,4152,Petrol,Manual,First,25.17,799,5,3.15,Renault
Volkswagen Ameo 1.5,Mumbai,2017,51000,Diesel,Manual,First,21.66,1498,5,6.45,Volkswagen
Volkswagen Polo Diesel,Ahmedabad,2013,55000,Diesel,Manual,First,22.07,1199,5,4.25,Volkswagen
Maruti Alto 800,Hyderabad,2014,58500,Petrol,Manual,First,22.74,796,5,2.75,Maruti
Hyundai i20 Asta,Kochi,2017,58620,Petrol,Manual,First,18.6,1197,5,7.14,Hyundai
Toyota Etios Liva,Mumbai,2012,29605,Petrol,Manual,First,18.3,1197,5,2.44,Toyota
Hyundai i20 1.2,Jaipur,2012,71172,Petrol,Manual,Third,17,1197,5,3.5,Hyundai
Hyundai i20 1.4,Chennai,2017,12000,Diesel,Manual,First,22.54,1396,5,7.3,Hyundai
Maruti Wagon R,Kolkata,2014,25000,Petrol,Manual,First,20.51,998,5,2.75,Maruti
Hyundai i20 1.4,Bangalore,2017,43000,Diesel,Manual,Second,22.54,1396,5,8.2,Hyundai
Volkswagen Polo GT,Mumbai,2015,57022,Petrol,Automatic,First,17.21,1197,5,6.51,Volkswagen
Ford Figo Diesel,Pune,2015,92000,Diesel,Manual,First,20,1399,5,4.25,Ford
Maruti Swift ZXI,Coimbatore,2014,33372,Petrol,Manual,Second,18.6,1197,5,6.21,Maruti
Hyundai Grand i10,Kochi,2016,52625,Diesel,Manual,First,24,1120,5,4.58,Hyundai
Mahindra Xylo H4,Chennai,2016,215000,Diesel,Manual,First,14.02,2179,7,7.5,Mahindra
Maruti Alto Green,Delhi,2012,65537,CNG,Manual,First,26.83,796,5,2.1,Maruti
Hyundai i10 Magna,Coimbatore,2014,60138,Petrol,Manual,First,19.81,1086,5,4.09,Hyundai
Skoda Octavia Elegance,Mumbai,2014,84000,Diesel,Automatic,First,19.3,1968,5,10.75,Skoda
BMW X5 2014-2019,Mumbai,2014,47000,Diesel,Automatic,First,15.97,2993,7,41.5,BMW
Maruti Celerio VXI,Hyderabad,2014,33450,Petrol,Automatic,First,23.1,998,5,4.4,Maruti
Volkswagen Vento Diesel,Jaipur,2013,125000,Diesel,Manual,Second,20.54,1598,5,6.25,Volkswagen
BMW 3 Series,Pune,2011,99606,Diesel,Automatic,Second,16.07,1995,5,10.5,BMW
Maruti Ertiga ZDI,Mumbai,2014,64000,Diesel,Manual,First,20.77,1248,7,7.25,Maruti
Ford Figo Diesel,Hyderabad,2013,51000,Diesel,Manual,First,20,1399,5,3.2,Ford
Volkswagen Polo 1.2,Mumbai,2014,57000,Petrol,Manual,First,16.47,1198,5,3.95,Volkswagen
Audi A6 3.0,Coimbatore,2009,48040,Diesel,Automatic,Second,16.77,2967,5,12.07,Audi
Toyota Innova Crysta,Pune,2017,43200,Diesel,Manual,First,13.68,2393,7,18.6,Toyota
Hyundai Verna 1.6,Delhi,2013,66000,Diesel,Automatic,First,22.32,1582,5,5.7,Hyundai
Hyundai Santro Xing,Kolkata,2013,31000,Petrol,Manual,First,17.92,1086,5,1.75,Hyundai
Audi A4 2.0,Delhi,2011,46000,Diesel,Automatic,Second,16.55,1968,5,10.99,Audi
Audi A4 2.0,Kolkata,2012,47346,Diesel,Automatic,First,16.55,1968,5,14.5,Audi
Skoda Laura 1.9,Jaipur,2009,100000,Diesel,Manual,First,17,1896,5,3.11,Skoda
Honda CR-V 2.0L,Coimbatore,2015,63856,Petrol,Automatic,First,13.7,1997,5,13.96,Honda
Hyundai Verna 1.6,Coimbatore,2015,72996,Diesel,Manual,First,22.32,1582,5,7.11,Hyundai
Honda Mobilio RS,Chennai,2014,23000,Diesel,Manual,First,24.5,1498,7,6.9,Honda
Hyundai i20 1.2,Coimbatore,2018,15985,Petrol,Manual,First,18.6,1197,5,7.77,Hyundai
Toyota Innova 2.5,Kolkata,2011,98000,Diesel,Manual,Second,12.8,2494,8,5.5,Toyota
Hyundai i20 Magna,Hyderabad,2014,70089,Petrol,Manual,First,18.6,1197,5,5.35,Hyundai
Mahindra Bolero VLX,Chennai,2011,99000,Diesel,Manual,Second,13.6,2523,7,4.5,Mahindra
Volkswagen Vento 1.5,Jaipur,2014,72000,Diesel,Manual,First,20.34,1498,5,4.75,Volkswagen
Jaguar XF 2.2,Coimbatore,2015,44194,Diesel,Automatic,First,16.36,2179,5,32.8,Jaguar
Maruti Zen LXi,Mumbai,2005,102000,Petrol,Manual,First,17.3,993,5,0.7,Maruti
Mercedes-Benz E-Class Facelift,Coimbatore,2018,56652,Diesel,Automatic,First,13,2987,5,50.29,Mercedes-Benz
Toyota Fortuner 3.0,Mumbai,2010,41650,Diesel,Manual,Second,11.5,2982,7,10.99,Toyota
Hyundai Grand i10,Coimbatore,2015,61717,Petrol,Automatic,First,18.9,1197,5,5.57,Hyundai
Hyundai Xcent 1.2,Jaipur,2018,25302,Diesel,Manual,First,25.4,1186,5,5.9,Hyundai
Hyundai Creta 1.6,Coimbatore,2016,47016,Petrol,Manual,First,15.29,1591,5,9.43,Hyundai
Hyundai i10 Sportz,Bangalore,2010,69000,Petrol,Manual,First,20.36,1197,5,2.9,Hyundai
Honda Brio S,Delhi,2016,32700,Petrol,Manual,First,19.4,1198,5,3.68,Honda
Toyota Fortuner 4x2,Coimbatore,2015,101337,Diesel,Automatic,First,12.55,2982,7,21.67,Toyota
Audi A4 2.0,Ahmedabad,2011,59000,Diesel,Automatic,First,16.55,1968,5,12.5,Audi
Toyota Innova Crysta,Kochi,2018,41736,Diesel,Automatic,First,11.36,2755,7,19.92,Toyota
Honda City i,Jaipur,2014,71649,Diesel,Manual,First,25.1,1498,5,6.75,Honda
Honda City i,Kochi,2015,80606,Diesel,Manual,First,25.1,1498,5,6.96,Honda
Renault KWID 1.0,Jaipur,2017,63262,Petrol,Manual,First,21.7,999,5,3.25,Renault
Maruti Swift DDiS,Hyderabad,2018,5456,Diesel,Manual,First,28.4,1248,5,8.65,Maruti
Maruti Celerio VXI,Pune,2017,7500,Petrol,Automatic,First,23.1,998,5,5,Maruti
Mahindra XUV500 W8,Delhi,2011,66000,Diesel,Manual,First,15.1,2179,7,5.5,Mahindra
Hyundai i10 Magna,Jaipur,2010,66770,Petrol,Manual,Second,20.36,1197,5,2.6,Hyundai
Hyundai i10 Magna,Kochi,2014,58472,Petrol,Manual,First,19.81,1086,5,3.41,Hyundai
Maruti Dzire VXI,Kolkata,2011,46687,Petrol,Manual,First,22,1197,5,2.7,Maruti
Audi TT 40,Kolkata,2012,7000,Petrol,Automatic,First,14.33,1984,4,35,Audi
Mercedes-Benz New C-Class,Mumbai,2011,48000,Petrol,Automatic,Second,14.74,1991,5,9.75,Mercedes-Benz
Nissan Sunny 2011-2014,Mumbai,2013,47000,Diesel,Manual,First,21.64,1461,5,4.25,Nissan
Maruti Wagon R,Ahmedabad,2015,51530,Petrol,Manual,First,18.9,998,5,3.2,Maruti
Maruti Swift Dzire,Bangalore,2014,25789,Diesel,Manual,Second,23.4,1248,5,6.85,Maruti
Honda Amaze S,Delhi,2015,48000,Diesel,Manual,First,25.8,1498,5,4.5,Honda
Maruti Swift ZDI,Delhi,2012,52000,Diesel,Manual,First,28.4,1248,5,3.55,Maruti
Hyundai Accent Executive,Hyderabad,2010,95637,CNG,Manual,Second,13.2,1495,5,1.9,Hyundai
Mahindra Scorpio LX,Hyderabad,2008,131000,Diesel,Manual,First,10.5,2609,7,3.6,Mahindra
Mercedes-Benz E-Class E250,Kochi,2015,42076,Diesel,Automatic,First,13,2143,5,21.8,Mercedes-Benz
Toyota Fortuner 4x2,Mumbai,2012,76000,Diesel,Manual,Second,13,2982,7,13.5,Toyota
Datsun redi-GO T,Bangalore,2016,20487,Petrol,Manual,First,22.7,799,5,2.66,Datsun
Honda City V,Delhi,2010,43000,Petrol,Manual,Second,16.8,1497,5,3.75,Honda
Toyota Camry Hybrid,Pune,2018,17000,Petrol,Automatic,First,19.16,2494,5,32,Toyota
Honda City i,Coimbatore,2016,60805,Diesel,Manual,First,26,1498,5,8.07,Honda
Volkswagen Jetta 2012-2014,Kochi,2012,58775,Diesel,Manual,First,19.33,1968,5,5.64,Volkswagen
Audi A6 2011-2015,Hyderabad,2013,70181,Diesel,Automatic,First,17.68,1968,5,23.99,Audi
Maruti Ertiga VDI,Coimbatore,2016,85827,Diesel,Manual,First,20.77,1248,7,7.5,Maruti
Mercedes-Benz New C-Class,Jaipur,2016,58205,Diesel,Automatic,First,19.27,2143,5,27,Mercedes-Benz
Maruti Swift Dzire,Mumbai,2008,91000,Diesel,Manual,Second,19.3,1248,5,2.85,Maruti
Renault Duster 110PS,Pune,2012,74000,Diesel,Manual,First,19.01,1461,5,6.35,Renault
Maruti Ritz VDi,Hyderabad,2010,79324,Diesel,Manual,First,21.1,1248,5,3.3,Maruti
Maruti Swift Dzire,Bangalore,2013,38623,Petrol,Manual,First,19.1,1197,5,5,Maruti
Maruti Swift ZDi,Coimbatore,2014,59923,Diesel,Manual,First,22.9,1248,5,6.46,Maruti
Hyundai EON Sportz,Jaipur,2017,23360,Petrol,Manual,First,21.1,814,5,3.75,Hyundai
Maruti Zen VXI,Kochi,2003,61495,Petrol,Manual,Third,17.3,993,5,1.52,Maruti
Maruti Eeco 7,Coimbatore,2012,56661,Petrol,Manual,First,15.1,1196,7,3.61,Maruti
Audi Q5 30,Coimbatore,2017,40318,Diesel,Automatic,First,14.16,1968,5,43.74,Audi
Audi Q3 2.0,Chennai,2014,60000,Diesel,Automatic,First,15.73,1968,5,20,Audi
Smart Fortwo CDI,Pune,2008,103000,Diesel,Automatic,Second,0,799,2,3,Smart
Maruti Swift Dzire,Hyderabad,2010,130000,Diesel,Manual,First,19.3,1248,5,3.65,Maruti
Tata Sumo DX,Mumbai,2013,20000,Diesel,Manual,First,14.07,1978,10,5.25,Tata
BMW X5 2014-2019,Hyderabad,2016,76000,Diesel,Automatic,First,15.97,2993,7,58,BMW
Honda City i-VTEC,Mumbai,2015,30000,Petrol,Automatic,First,18,1497,5,8.65,Honda
Tata Indigo eCS,Delhi,2015,150000,Diesel,Manual,First,25,1396,5,2.5,Tata
Volkswagen Vento TSI,Chennai,2014,28000,Petrol,Automatic,First,16.93,1197,5,7.75,Volkswagen
Maruti Celerio VXI,Bangalore,2015,74000,Petrol,Manual,First,23.1,998,5,4.15,Maruti
Toyota Fortuner 3.0,Delhi,2011,75000,Diesel,Manual,First,11.5,2982,7,10.85,Toyota
Mitsubishi Outlander 2.4,Delhi,2010,76000,Petrol,Automatic,Second,11.3,2360,5,5.53,Mitsubishi
Volkswagen Jetta 2007-2011,Pune,2014,64889,Diesel,Automatic,First,15.5,1896,5,11.5,Volkswagen
Porsche Cayman 2009-2012,Hyderabad,2010,10000,Petrol,Manual,First,9,3436,2,40,Porsche
Hyundai Creta 1.6,Kolkata,2015,43000,Diesel,Manual,First,19.67,1582,5,9.25,Hyundai
Skoda Fabia 1.2,Pune,2011,47490,Petrol,Manual,First,17.5,1198,5,2.29,Skoda
Ford EcoSport 1.5,Chennai,2015,80000,Diesel,Manual,First,22.77,1498,5,7,Ford
